file,source,branch_root,parent_id,node_id,cost_subtree,cost_own,focus_count,depth,max_depth,branch_points,is_subbranch
afghanistan.txt,base,AFG_expand_telegraph_network,,AFG_expand_telegraph_network,275,5,39,0,9,12,no
afghanistan.txt,base,AFG_expand_telegraph_network,AFG_expand_telegraph_network,AFG_sugar_processing,135,10,19,,,yes
afghanistan.txt,base,AFG_expand_telegraph_network,AFG_expand_telegraph_network,AFG_clear_malarial_swamps,55,5,6,,,yes
afghanistan.txt,base,AFG_expand_telegraph_network,AFG_expand_telegraph_network,AFG_infrastructure_construction,40,5,7,,,yes
afghanistan.txt,base,AFG_expand_telegraph_network,AFG_expand_telegraph_network,AFG_fruit_packing,30,10,4,,,yes
afghanistan.txt,base,AFG_expand_telegraph_network,AFG_expand_telegraph_network,AFG_ministry_of_supply,10,5,2,,,yes
afghanistan.txt,base,AFG_expand_telegraph_network,AFG_expand_telegraph_network,AFG_spinzar_cotton_factory,10,10,1,,,no
afghanistan.txt,base,AFG_maintain_quami,,AFG_maintain_quami,110,5,14,0,4,3,no
afghanistan.txt,base,AFG_maintain_quami,AFG_maintain_quami,AFG_asymmetric_warfare,70,5,9,,,yes
afghanistan.txt,base,AFG_maintain_quami,AFG_maintain_quami,AFG_expand_border_guards,20,10,2,,,yes
afghanistan.txt,base,AFG_maintain_quami,AFG_maintain_quami,AFG_utilize_cameleers,15,10,2,,,yes
afghanistan.txt,base,AFG_adopt_nufus,,AFG_adopt_nufus,195,10,22,0,5,5,no
afghanistan.txt,base,AFG_adopt_nufus,AFG_adopt_nufus,AFG_new_army,90,10,9,,,yes
afghanistan.txt,base,AFG_adopt_nufus,AFG_adopt_nufus,AFG_establish_naval_bases,55,10,7,,,yes
afghanistan.txt,base,AFG_adopt_nufus,AFG_adopt_nufus,AFG_expand_border_guards,20,10,2,,,yes
afghanistan.txt,base,AFG_adopt_nufus,AFG_adopt_nufus,AFG_utilize_cameleers,15,10,2,,,yes
afghanistan.txt,base,AFG_adopt_nufus,AFG_adopt_nufus,AFG_officialize_the_turkish_afghan_defense_treaty,5,5,1,,,no
afghanistan.txt,base,AFG_against_kabul,,AFG_against_kabul,580,5,76,0,11,24,no
afghanistan.txt,base,AFG_against_kabul,AFG_against_kabul,AFG_remember_the_khost_rebellion,360,5,48,,,yes
afghanistan.txt,base,AFG_against_kabul,AFG_against_kabul,AFG_contact_amanullah_loyalists,235,5,30,,,yes
afghanistan.txt,base,AFG_alternative_partnerships,,AFG_alternative_partnerships,40,5,8,0,3,3,no
afghanistan.txt,base,AFG_alternative_partnerships,AFG_alternative_partnerships,AFG_officer_training,20,5,4,,,yes
afghanistan.txt,base,AFG_alternative_partnerships,AFG_alternative_partnerships,AFG_permit_axis_airbases,20,5,4,,,yes
afghanistan.txt,base,AFG_alternative_partnerships,AFG_alternative_partnerships,AFG_graveyard_of_empires,5,5,1,,,no
afghanistan.txt,base,AFG_support_king_zahir,,AFG_support_king_zahir,300,5,46,0,9,16,no
afghanistan.txt,base,AFG_support_king_zahir,AFG_support_king_zahir,AFG_expand_the_kings_powerbase,240,5,37,,,yes
afghanistan.txt,base,AFG_support_king_zahir,AFG_support_king_zahir,AFG_biding_our_time,80,5,12,,,yes
afghanistan.txt,base,AFG_pursue_our_own_agenda,,AFG_pursue_our_own_agenda,50,10,8,0,2,1,no
afghanistan.txt,base,AFG_pursue_our_own_agenda,AFG_pursue_our_own_agenda,AFG_propose_confederation_with_pakistan,15,5,2,,,yes
afghanistan.txt,base,AFG_pursue_our_own_agenda,AFG_pursue_our_own_agenda,AFG_anti_soviet_cooperation,10,5,2,,,yes
afghanistan.txt,base,AFG_pursue_our_own_agenda,AFG_pursue_our_own_agenda,AFG_afghan_pakistan_cold_War,10,5,2,,,yes
afghanistan.txt,base,AFG_pursue_our_own_agenda,AFG_pursue_our_own_agenda,AFG_graveyard_of_empires,5,5,1,,,no
afghanistan.txt,base,AFG_align_with_the_allies,,AFG_align_with_the_allies,45,5,9,0,4,2,no
afghanistan.txt,base,AFG_align_with_the_allies,AFG_align_with_the_allies,AFG_prepare_for_operation_countenance,30,5,6,,,yes
afghanistan.txt,base,AFG_align_with_the_allies,AFG_align_with_the_allies,AFG_anti_soviet_cooperation,10,5,2,,,yes
argentina.txt,base,ARG_roberto_maria_ortiz,,ARG_roberto_maria_ortiz,585,10,71,0,13,20,no
argentina.txt,base,ARG_roberto_maria_ortiz,ARG_roberto_maria_ortiz,ARG_defense_and_democracy,400,10,50,,,yes
argentina.txt,base,ARG_roberto_maria_ortiz,ARG_roberto_maria_ortiz,ARG_work_with_the_nationalists,305,10,36,,,yes
argentina.txt,base,ARG_hitler_1,,ARG_hitler_1,30,5,4,0,1,1,no
argentina.txt,base,ARG_hitler_1,ARG_hitler_1,ARG_hitler_2,10,10,1,,,no
argentina.txt,base,ARG_hitler_1,ARG_hitler_1,ARG_hitler_3,10,10,1,,,no
argentina.txt,base,ARG_hitler_1,ARG_hitler_1,ARG_hitler_4,5,5,1,,,no
argentina.txt,base,ARG_the_clean_election,,ARG_the_clean_election,320,10,39,0,12,13,no
argentina.txt,base,ARG_the_clean_election,ARG_the_clean_election,ARG_in_memory_of_yrigoyen,310,10,38,,,yes
argentina.txt,base,ARG_a_call_to_reform,,ARG_a_call_to_reform,235,10,30,0,11,10,no
argentina.txt,base,ARG_a_call_to_reform,ARG_a_call_to_reform,ARG_invite_ghioldi_back_to_argentina,220,5,28,,,yes
argentina.txt,base,ARG_a_call_to_reform,ARG_a_call_to_reform,ARG_support_the_spanish_republicans,5,5,1,,,no
argentina.txt,base,ARG_banco_central_de_la_republica_argentina,,ARG_banco_central_de_la_republica_argentina,190,10,23,0,4,9,no
argentina.txt,base,ARG_banco_central_de_la_republica_argentina,ARG_banco_central_de_la_republica_argentina,ARG_industrial_expansion,65,10,7,,,yes
argentina.txt,base,ARG_banco_central_de_la_republica_argentina,ARG_banco_central_de_la_republica_argentina,ARG_economic_tax_reforms,45,5,6,,,yes
argentina.txt,base,ARG_banco_central_de_la_republica_argentina,ARG_banco_central_de_la_republica_argentina,ARG_economic_reactivation_act,35,5,4,,,yes
argentina.txt,base,ARG_banco_central_de_la_republica_argentina,ARG_banco_central_de_la_republica_argentina,ARG_production_initiative,30,10,4,,,yes
argentina.txt,base,ARG_banco_central_de_la_republica_argentina,ARG_banco_central_de_la_republica_argentina,ARG_reach_out_to_the_great_powers,5,5,1,,,no
australia.txt,base,AST_additional_militia_training,,AST_additional_militia_training,150,10,15,0,5,5,no
australia.txt,base,AST_additional_militia_training,AST_additional_militia_training,AST_royal_australian_artillery,110,10,11,,,yes
australia.txt,base,AST_additional_militia_training,AST_additional_militia_training,AST_promote_reservists,110,10,11,,,yes
australia.txt,base,AST_expand_the_raaf,,AST_expand_the_raaf,90,10,9,0,4,2,no
australia.txt,base,AST_expand_the_raaf,AST_expand_the_raaf,AST_cac_boomerang,50,10,5,,,yes
australia.txt,base,AST_expand_the_raaf,AST_expand_the_raaf,AST_expand_northern_presence,50,10,5,,,yes
australia.txt,base,AST_expand_the_raaf,AST_expand_the_raaf,AST_cac_woomera,40,10,4,,,yes
australia.txt,base,AST_cockatoo_island_shipyards,,AST_cockatoo_island_shipyards,75,5,8,0,4,4,no
australia.txt,base,AST_cockatoo_island_shipyards,AST_cockatoo_island_shipyards,AST_protect_overseas_commerce,60,10,6,,,yes
australia.txt,base,AST_cockatoo_island_shipyards,AST_cockatoo_island_shipyards,AST_fly_the_jolly_roger,60,10,6,,,yes
australia.txt,base,AST_kangaroo_point_shipyards,,AST_kangaroo_point_shipyards,75,5,8,0,4,4,no
australia.txt,base,AST_kangaroo_point_shipyards,AST_kangaroo_point_shipyards,AST_protect_overseas_commerce,60,10,6,,,yes
australia.txt,base,AST_kangaroo_point_shipyards,AST_kangaroo_point_shipyards,AST_fly_the_jolly_roger,60,10,6,,,yes
australia.txt,base,AST_standard_gauge_railway,,AST_standard_gauge_railway,100,10,10,0,5,2,no
australia.txt,base,AST_standard_gauge_railway,AST_standard_gauge_railway,AST_western_australian_government_railways,90,10,9,,,yes
australia.txt,base,AST_industries_assistance_corporation,,AST_industries_assistance_corporation,100,10,10,0,5,2,no
australia.txt,base,AST_industries_assistance_corporation,AST_industries_assistance_corporation,AST_western_australian_government_railways,90,10,9,,,yes
australia.txt,base,AST_establish_advisory_war_council,,AST_establish_advisory_war_council,140,10,14,0,4,4,no
australia.txt,base,AST_establish_advisory_war_council,AST_establish_advisory_war_council,AST_national_security_act,90,10,9,,,yes
australia.txt,base,AST_establish_advisory_war_council,AST_establish_advisory_war_council,AST_volunteer_defence_corps,50,10,5,,,yes
australia.txt,base,AST_support_the_policy_of_appeasement,,AST_support_the_policy_of_appeasement,80,10,8,0,4,4,no
australia.txt,base,AST_support_the_policy_of_appeasement,AST_support_the_policy_of_appeasement,AST_strengthen_ties_with_uk,60,10,6,,,yes
australia.txt,base,AST_support_the_policy_of_appeasement,AST_support_the_policy_of_appeasement,AST_the_singapore_strategy,60,10,6,,,yes
australia.txt,base,AST_never_another_gallipoli,,AST_never_another_gallipoli,290,10,29,0,7,10,no
australia.txt,base,AST_never_another_gallipoli,AST_never_another_gallipoli,AST_abandon_the_westminster_system,200,10,20,,,yes
australia.txt,base,AST_never_another_gallipoli,AST_never_another_gallipoli,AST_protect_the_homeland,80,10,8,,,yes
australia_taog.txt,base,AST_war_is_coming,,AST_war_is_coming,250,5,31,0,5,9,no
australia_taog.txt,base,AST_war_is_coming,AST_war_is_coming,AST_public_works,185,10,22,,,yes
australia_taog.txt,base,AST_war_is_coming,AST_war_is_coming,AST_domestic_industry,25,5,3,,,yes
australia_taog.txt,base,AST_war_is_coming,AST_war_is_coming,AST_a_democratic_bulwark,25,5,3,,,yes
australia_taog.txt,base,AST_war_is_coming,AST_war_is_coming,AST_the_pacific_pact,10,5,2,,,yes
australia_taog.txt,base,AST_solidarity_by_the_empire,,AST_solidarity_by_the_empire,30,10,4,0,1,1,no
australia_taog.txt,base,AST_solidarity_by_the_empire,AST_solidarity_by_the_empire,AST_singapore_strategy,10,10,1,,,no
australia_taog.txt,base,AST_solidarity_by_the_empire,AST_solidarity_by_the_empire,AST_wool_agreement,5,5,1,,,no
australia_taog.txt,base,AST_solidarity_by_the_empire,AST_solidarity_by_the_empire,AST_australian_war_cabinet,5,5,1,,,no
australia_taog.txt,base,AST_british_war_cabinet,,AST_british_war_cabinet,30,5,4,0,1,1,no
australia_taog.txt,base,AST_british_war_cabinet,AST_british_war_cabinet,AST_british_pacific_fleet,10,10,1,,,no
australia_taog.txt,base,AST_british_war_cabinet,AST_british_war_cabinet,AST_all_dressed_up,10,10,1,,,no
australia_taog.txt,base,AST_british_war_cabinet,AST_british_war_cabinet,AST_overseas_loyalties,5,5,1,,,no
australia_taog.txt,base,AST_the_ultimate_overseas_duty,,AST_the_ultimate_overseas_duty,70,10,8,0,3,1,no
australia_taog.txt,base,AST_the_ultimate_overseas_duty,AST_the_ultimate_overseas_duty,AST_under_the_rule_of_canberra,30,10,3,,,yes
australia_taog.txt,base,AST_the_ultimate_overseas_duty,AST_the_ultimate_overseas_duty,AST_eastern_focus,20,10,2,,,yes
australia_taog.txt,base,AST_the_ultimate_overseas_duty,AST_the_ultimate_overseas_duty,AST_australian_command,15,5,2,,,yes
australia_taog.txt,base,AST_the_ultimate_overseas_duty,AST_the_ultimate_overseas_duty,AST_bound_once_more,5,5,1,,,no
australia_taog.txt,base,AST_pleading_britain,,AST_pleading_britain,75,5,10,0,3,1,no
australia_taog.txt,base,AST_pleading_britain,AST_pleading_britain,AST_under_the_rule_of_canberra,30,10,3,,,yes
australia_taog.txt,base,AST_pleading_britain,AST_pleading_britain,AST_reinforcements,20,5,3,,,yes
australia_taog.txt,base,AST_pleading_britain,AST_pleading_britain,AST_ending_overseas_conscription,20,5,3,,,yes
australia_taog.txt,base,AST_pleading_britain,AST_pleading_britain,AST_an_uncle_for_father_figure,20,5,3,,,yes
australia_taog.txt,base,AST_pleading_britain,AST_pleading_britain,AST_seven_million_britishers,20,10,2,,,yes
australia_taog.txt,base,AST_no_foreign_battlefields,,AST_no_foreign_battlefields,40,5,6,0,2,2,no
australia_taog.txt,base,AST_no_foreign_battlefields,AST_no_foreign_battlefields,AST_ratify_westminster_adoption_act,25,5,3,,,yes
australia_taog.txt,base,AST_no_foreign_battlefields,AST_no_foreign_battlefields,AST_aerial_defense,5,5,1,,,no
australia_taog.txt,base,AST_no_foreign_battlefields,AST_no_foreign_battlefields,AST_volunteers,5,5,1,,,no
australia_taog.txt,base,AST_until_the_tide_of_battle_swings,,AST_until_the_tide_of_battle_swings,30,5,4,0,1,1,no
australia_taog.txt,base,AST_until_the_tide_of_battle_swings,AST_until_the_tide_of_battle_swings,AST_walls_and_whispers,10,10,1,,,no
australia_taog.txt,base,AST_until_the_tide_of_battle_swings,AST_until_the_tide_of_battle_swings,AST_united_states_as_our_keystone,10,10,1,,,no
australia_taog.txt,base,AST_until_the_tide_of_battle_swings,AST_until_the_tide_of_battle_swings,AST_liberty_loans,5,5,1,,,no
australia_taog.txt,base,AST_inevitably_independent,,AST_inevitably_independent,40,10,7,0,3,2,no
australia_taog.txt,base,AST_inevitably_independent,AST_inevitably_independent,AST_allied_after_all,25,5,5,,,yes
australia_taog.txt,base,AST_inevitably_independent,AST_inevitably_independent,AST_the_pacific_resistance,25,5,5,,,yes
australia_taog.txt,base,AST_bring_on_the_giant,,AST_bring_on_the_giant,45,10,8,0,3,2,no
australia_taog.txt,base,AST_bring_on_the_giant,AST_bring_on_the_giant,AST_allied_after_all,25,5,5,,,yes
australia_taog.txt,base,AST_bring_on_the_giant,AST_bring_on_the_giant,AST_the_pacific_resistance,25,5,5,,,yes
australia_taog.txt,base,AST_bring_on_the_giant,AST_bring_on_the_giant,AST_conscription_at_last,5,5,1,,,no
australia_taog.txt,base,AST_australia_first,,AST_australia_first,460,10,64,0,7,22,no
australia_taog.txt,base,AST_australia_first,AST_australia_first,AST_stephensen,185,5,28,,,yes
australia_taog.txt,base,AST_australia_first,AST_australia_first,AST_public_works,185,10,22,,,yes
australia_taog.txt,base,AST_australia_first,AST_australia_first,AST_pankhurst_walsh,180,5,28,,,yes
australia_taog.txt,base,AST_against_war_and_fascism,,AST_against_war_and_fascism,365,5,44,0,10,11,no
australia_taog.txt,base,AST_against_war_and_fascism,AST_against_war_and_fascism,AST_workers_defence_corps_sparks_anew,180,5,24,,,yes
australia_taog.txt,base,AST_against_war_and_fascism,AST_against_war_and_fascism,AST_take_it_to_the_streets,170,10,17,,,yes
australia_taog.txt,base,AST_against_war_and_fascism,AST_against_war_and_fascism,AST_world_peace,5,5,1,,,no
australia_taog.txt,base,AST_against_war_and_fascism,AST_against_war_and_fascism,AST_a_controversial_recruitment,5,5,1,,,no
australia_taog.txt,base,AST_populate_or_perish,,AST_populate_or_perish,70,10,10,0,3,3,no
australia_taog.txt,base,AST_populate_or_perish,AST_populate_or_perish,AST_recruitment_drive,40,10,5,,,yes
australia_taog.txt,base,AST_populate_or_perish,AST_populate_or_perish,AST_new_deal,25,5,4,,,yes
australia_taog.txt,base,AST_populate_or_perish,AST_populate_or_perish,AST_repeal_immigration_restrictions,5,5,1,,,no
australia_taog.txt,base,AST_australian_military_forces,,AST_australian_military_forces,195,5,24,0,5,8,no
australia_taog.txt,base,AST_australian_military_forces,AST_australian_military_forces,AST_permanant_military_forces,135,5,16,,,yes
australia_taog.txt,base,AST_australian_military_forces,AST_australian_military_forces,AST_invoke_the_1903_defence_act,130,5,15,,,yes
australia_taog.txt,base,AST_no1_flying_training_school,,AST_no1_flying_training_school,105,5,14,0,5,1,no
australia_taog.txt,base,AST_no1_flying_training_school,AST_no1_flying_training_school,AST_empire_air_training_scheme_taog,100,10,13,,,yes
australia_taog.txt,base,AST_royal_australian_navy,,AST_royal_australian_navy,65,5,10,0,4,6,no
australia_taog.txt,base,AST_royal_australian_navy,AST_royal_australian_navy,AST_coast_watchers,50,5,7,,,yes
australia_taog.txt,base,AST_royal_australian_navy,AST_royal_australian_navy,AST_marines,50,5,7,,,yes
australia_taog.txt,base,AST_royal_australian_navy,AST_royal_australian_navy,AST_naval_auxiliary_patrol_taog,50,5,7,,,yes
austria.txt,base,AUS_repeal_the_may_constitution,,AUS_repeal_the_may_constitution,955,5,115,0,15,42,no
austria.txt,base,AUS_repeal_the_may_constitution,AUS_repeal_the_may_constitution,AUS_austria_against_fascism,945,10,113,,,yes
austria.txt,base,AUS_repeal_the_may_constitution,AUS_repeal_the_may_constitution,AUS_release_imprisoned_leaders,555,5,71,,,yes
austria.txt,base,AUS_totalitarian_safety,,AUS_totalitarian_safety,225,5,26,0,12,9,no
austria.txt,base,AUS_totalitarian_safety,AUS_totalitarian_safety,AUS_clamp_down_on_dnsap,220,10,25,,,yes
austria.txt,base,AUS_regulate_austrian_finance_sector,,AUS_regulate_austrian_finance_sector,175,5,23,0,5,5,no
austria.txt,base,AUS_regulate_austrian_finance_sector,AUS_regulate_austrian_finance_sector,AUS_invest_in_erzberg_steel_mines,55,10,6,,,yes
austria.txt,base,AUS_regulate_austrian_finance_sector,AUS_regulate_austrian_finance_sector,AUS_economic_resuscitation,40,5,5,,,yes
austria.txt,base,AUS_regulate_austrian_finance_sector,AUS_regulate_austrian_finance_sector,AUS_industrialization_effort,40,10,5,,,yes
austria.txt,base,AUS_regulate_austrian_finance_sector,AUS_regulate_austrian_finance_sector,AUS_architechtual_advancements,30,5,5,,,yes
austria.txt,base,AUS_regulate_austrian_finance_sector,AUS_regulate_austrian_finance_sector,AUS_seek_papal_support,5,5,1,,,no
austria.txt,base,AUS_osterreichische_luftstreitkrafte,,AUS_osterreichische_luftstreitkrafte,125,5,17,0,7,8,no
austria.txt,base,AUS_osterreichische_luftstreitkrafte,AUS_osterreichische_luftstreitkrafte,AUS_preparing_the_industry,120,5,16,,,yes
austria.txt,base,AUS_secret_rearmament,,AUS_secret_rearmament,215,5,26,0,6,6,no
austria.txt,base,AUS_secret_rearmament,AUS_secret_rearmament,AUS_militarization_effort,210,5,25,,,yes
austria.txt,base,AUS_reestablish_austrian_navy,,AUS_reestablish_austrian_navy,110,5,12,0,4,3,no
austria.txt,base,AUS_reestablish_austrian_navy,AUS_reestablish_austrian_navy,AUS_rebuild_the_armada,65,10,7,,,yes
austria.txt,base,AUS_reestablish_austrian_navy,AUS_reestablish_austrian_navy,AUS_defending_the_coast,50,10,5,,,yes
austro_hungarian_releasable_shared.txt,base,ah_army_effort,,ah_army_effort,110,10,11,0,4,2,no
austro_hungarian_releasable_shared.txt,base,ah_army_effort,ah_army_effort,ah_motorization_effort,50,10,5,,,yes
austro_hungarian_releasable_shared.txt,base,ah_army_effort,ah_army_effort,ah_equipment_effort,40,10,4,,,yes
austro_hungarian_releasable_shared.txt,base,ah_army_effort,ah_army_effort,ah_doctrine_effort,30,10,3,,,yes
austro_hungarian_releasable_shared.txt,base,ah_aviation_effort,,ah_aviation_effort,70,10,7,0,3,2,no
austro_hungarian_releasable_shared.txt,base,ah_aviation_effort,ah_aviation_effort,ah_fighter_focus,50,10,5,,,yes
austro_hungarian_releasable_shared.txt,base,ah_aviation_effort,ah_aviation_effort,ah_bomber_focus,50,10,5,,,yes
austro_hungarian_releasable_shared.txt,base,ah_naval_effort,,ah_naval_effort,70,10,7,0,3,3,no
austro_hungarian_releasable_shared.txt,base,ah_naval_effort,ah_naval_effort,ah_flexible_navy,50,10,5,,,yes
austro_hungarian_releasable_shared.txt,base,ah_naval_effort,ah_naval_effort,ah_large_navy,50,10,5,,,yes
austro_hungarian_releasable_shared.txt,base,ah_industrial_effort,,ah_industrial_effort,130,10,13,0,6,3,no
austro_hungarian_releasable_shared.txt,base,ah_industrial_effort,ah_industrial_effort,ah_construction_effort,90,10,9,,,yes
austro_hungarian_releasable_shared.txt,base,ah_industrial_effort,ah_industrial_effort,ah_production_effort,30,10,3,,,yes
austro_hungarian_releasable_shared.txt,base,ah_political_effort,,ah_political_effort,190,10,19,0,7,3,no
austro_hungarian_releasable_shared.txt,base,ah_political_effort,ah_political_effort,ah_collectivist_ethos,110,10,11,,,yes
austro_hungarian_releasable_shared.txt,base,ah_political_effort,ah_political_effort,ah_liberty_ethos,80,10,8,,,yes
belgium.txt,base,BEL_perpetual_neutrality,,BEL_perpetual_neutrality,777,10,99,0,13,31,no
belgium.txt,base,BEL_perpetual_neutrality,BEL_perpetual_neutrality,BEL_independent_neutral_and_loyal,767,10,98,,,yes
belgium.txt,base,BEL_government_resigns,,BEL_government_resigns,565,10,74,0,12,25,no
belgium.txt,base,BEL_government_resigns,BEL_government_resigns,BEL_investigate_bribery_charges,465,5,60,,,yes
belgium.txt,base,BEL_government_resigns,BEL_government_resigns,BEL_government_of_national_unity,460,0,60,,,yes
belgium.txt,base,BEL_government_resigns,BEL_government_resigns,BEL_vandervelde_minority,115,0,15,,,yes
belgium.txt,base,BEL_the_king_surrenders,,BEL_the_king_surrenders,105,0,22,0,6,9,no
belgium.txt,base,BEL_the_king_surrenders,BEL_the_king_surrenders,BEL_unfit_to_reign,85,5,17,,,yes
belgium.txt,base,BEL_the_king_surrenders,BEL_the_king_surrenders,BEL_prisoner_king,65,5,13,,,yes
belgium.txt,base,BEL_monetary_reconstruction,,BEL_monetary_reconstruction,130,10,14,0,6,6,no
belgium.txt,base,BEL_monetary_reconstruction,BEL_monetary_reconstruction,BEL_rebuild_wallonian_industry,115,10,12,,,yes
belgium.txt,base,BEL_monetary_reconstruction,BEL_monetary_reconstruction,BEL_gold_reserves,5,5,1,,,no
belgium.txt,base,BEL_belgian_air_force,,BEL_belgian_air_force,80,5,12,0,3,5,no
belgium.txt,base,BEL_belgian_air_force,BEL_belgian_air_force,BEL_develop_belgian_air_industry,65,10,9,,,yes
belgium.txt,base,BEL_belgian_air_force,BEL_belgian_air_force,BEL_foreign_plane_purchases,40,5,6,,,yes
belgium.txt,base,BEL_re_establish_belgian_navy,,BEL_re_establish_belgian_navy,80,5,11,0,4,3,no
belgium.txt,base,BEL_re_establish_belgian_navy,BEL_re_establish_belgian_navy,BEL_re_build_the_fleet,70,5,9,,,yes
belgium.txt,base,BEL_re_establish_belgian_navy,BEL_re_establish_belgian_navy,BEL_allied_donations,5,5,1,,,no
brazil.txt,base,BRA_tribunal_de_seguranca_nacional,,BRA_tribunal_de_seguranca_nacional,485,5,68,0,13,27,no
brazil.txt,base,BRA_tribunal_de_seguranca_nacional,BRA_tribunal_de_seguranca_nacional,BRA_ensure_continued_military_support,400,5,57,,,yes
brazil.txt,base,BRA_tribunal_de_seguranca_nacional,BRA_tribunal_de_seguranca_nacional,BRA_work_with_the_integralists,305,5,41,,,yes
brazil.txt,base,BRA_coffee_crisis_aftermath,,BRA_coffee_crisis_aftermath,185,5,25,0,6,9,no
brazil.txt,base,BRA_coffee_crisis_aftermath,BRA_coffee_crisis_aftermath,BRA_desenvolvimentismo,165,10,22,,,yes
brazil.txt,base,BRA_coffee_crisis_aftermath,BRA_coffee_crisis_aftermath,BRA_radio_nacional,140,10,19,,,yes
brazil.txt,base,BRA_end_the_state_of_emergency,,BRA_end_the_state_of_emergency,325,5,44,0,9,14,no
brazil.txt,base,BRA_end_the_state_of_emergency,BRA_end_the_state_of_emergency,BRA_romanticize_the_old_empire,170,10,22,,,yes
brazil.txt,base,BRA_end_the_state_of_emergency,BRA_end_the_state_of_emergency,BRA_repeal_the_national_security_law,150,5,21,,,yes
brazil.txt,base,BRA_prepare_for_second_intentona,,BRA_prepare_for_second_intentona,245,5,34,0,11,15,no
brazil.txt,base,BRA_prepare_for_second_intentona,BRA_prepare_for_second_intentona,BRA_infilitrate_the_military,235,10,32,,,yes
brazil.txt,base,BRA_prepare_for_second_intentona,BRA_prepare_for_second_intentona,BRA_radicalize_the_proletariat,230,5,32,,,yes
bulgaria.txt,mod,BUL_acquire_modern_tools,,BUL_acquire_modern_tools,385,5,48,0,8,12,no
bulgaria.txt,mod,BUL_acquire_modern_tools,BUL_acquire_modern_tools,BUL_negotiate_bulgarian_rearmament,260,5,29,,,yes
bulgaria.txt,mod,BUL_acquire_modern_tools,BUL_acquire_modern_tools,BUL_improve_the_road_system,80,10,14,,,yes
bulgaria.txt,mod,BUL_acquire_modern_tools,BUL_acquire_modern_tools,BUL_expand_varna_naval_base,50,10,5,,,yes
bulgaria.txt,mod,BUL_acquire_modern_tools,BUL_acquire_modern_tools,BUL_georgi_benkovski_aircraft_repair_facilities,40,10,4,,,yes
bulgaria.txt,mod,BUL_oppose_the_royal_dictatorship,,BUL_oppose_the_royal_dictatorship,550,5,73,0,10,19,no
bulgaria.txt,mod,BUL_oppose_the_royal_dictatorship,BUL_oppose_the_royal_dictatorship,BUL_appoint_communist_ministers,265,5,31,,,yes
bulgaria.txt,mod,BUL_oppose_the_royal_dictatorship,BUL_oppose_the_royal_dictatorship,BUL_democratic_principles,260,5,37,,,yes
bulgaria.txt,mod,BUL_oppose_the_royal_dictatorship,BUL_oppose_the_royal_dictatorship,BUL_condemn_macedonian_organizations,5,5,1,,,no
bulgaria.txt,mod,BUL_oppose_the_royal_dictatorship,BUL_oppose_the_royal_dictatorship,BUL_support_macedonian_organizations,5,5,1,,,no
bulgaria.txt,mod,BUL_oppose_the_royal_dictatorship,BUL_oppose_the_royal_dictatorship,BUL_dissolve_the_military_union,5,5,1,,,no
bulgaria.txt,mod,BUL_oppose_the_royal_dictatorship,BUL_oppose_the_royal_dictatorship,BUL_cooperate_with_the_zveno,5,5,1,,,no
bulgaria.txt,mod,BUL_power_to_the_tsar,,BUL_power_to_the_tsar,315,5,49,0,10,14,no
bulgaria.txt,mod,BUL_power_to_the_tsar,BUL_power_to_the_tsar,BUL_the_tsars_regime,245,5,36,,,yes
bulgaria.txt,mod,BUL_power_to_the_tsar,BUL_power_to_the_tsar,BUL_appoint_right_wing_ministers,55,5,10,,,yes
bulgaria.txt,mod,BUL_power_to_the_tsar,BUL_power_to_the_tsar,BUL_condemn_macedonian_organizations,5,5,1,,,no
bulgaria.txt,mod,BUL_power_to_the_tsar,BUL_power_to_the_tsar,BUL_support_macedonian_organizations,5,5,1,,,no
bulgaria.txt,mod,BUL_power_to_the_tsar,BUL_power_to_the_tsar,BUL_dissolve_the_military_union,5,5,1,,,no
bulgaria.txt,mod,BUL_power_to_the_tsar,BUL_power_to_the_tsar,BUL_cooperate_with_the_zveno,5,5,1,,,no
canada.txt,mod,CAN_rowell_sirois_commission,,CAN_rowell_sirois_commission,45,5,7,0,3,2,no
canada.txt,mod,CAN_rowell_sirois_commission,CAN_rowell_sirois_commission,CAN_canada_pacific_railway,30,5,4,,,yes
canada.txt,mod,CAN_rowell_sirois_commission,CAN_rowell_sirois_commission,CAN_national_housing_act,10,5,2,,,yes
canada.txt,mod,CAN_crown_corporations,,CAN_crown_corporations,95,5,13,0,5,5,no
canada.txt,mod,CAN_crown_corporations,CAN_crown_corporations,CAN_department_of_munitions_and_supply,80,5,10,,,yes
canada.txt,mod,CAN_crown_corporations,CAN_crown_corporations,CAN_national_housing_act,10,5,2,,,yes
canada.txt,mod,CAN_defence_of_canada_regulations,,CAN_defence_of_canada_regulations,175,5,23,0,6,11,no
canada.txt,mod,CAN_defence_of_canada_regulations,CAN_defence_of_canada_regulations,CAN_wartime_prices_and_trade_board,100,5,12,,,yes
canada.txt,mod,CAN_defence_of_canada_regulations,CAN_defence_of_canada_regulations,CAN_department_of_munitions_and_supply,80,5,10,,,yes
canada.txt,mod,CAN_defence_of_canada_regulations,CAN_defence_of_canada_regulations,CAN_national_resources_mobilization_act,65,5,8,,,yes
canada.txt,mod,CAN_war_bonds,,CAN_war_bonds,85,5,11,0,5,4,no
canada.txt,mod,CAN_war_bonds,CAN_war_bonds,CAN_department_of_munitions_and_supply,80,5,10,,,yes
canada.txt,mod,CAN_army_modernization,,CAN_army_modernization,110,10,11,0,4,5,no
canada.txt,mod,CAN_army_modernization,CAN_army_modernization,CAN_cmp_truck,80,10,8,,,yes
canada.txt,mod,CAN_army_modernization,CAN_army_modernization,CAN_canadian_infantry_corps,70,10,7,,,yes
canada.txt,mod,CAN_strengthen_the_commonwealth_ties,,CAN_strengthen_the_commonwealth_ties,90,5,11,0,5,3,no
canada.txt,mod,CAN_strengthen_the_commonwealth_ties,CAN_strengthen_the_commonwealth_ties,CAN_shadow_factories,65,10,8,,,yes
canada.txt,mod,CAN_strengthen_the_commonwealth_ties,CAN_strengthen_the_commonwealth_ties,CAN_montreal_laboratory_collaboration,60,10,7,,,yes
canada.txt,mod,CAN_patriation,,CAN_patriation,210,5,28,0,5,8,no
canada.txt,mod,CAN_patriation,CAN_patriation,CAN_burn_the_royal_portraits,100,5,11,,,yes
canada.txt,mod,CAN_patriation,CAN_patriation,CAN_swastika_clubs,70,5,9,,,yes
canada.txt,mod,CAN_patriation,CAN_patriation,CAN_permanent_joint_defense_board,35,5,7,,,yes
canada.txt,mod,CAN_rcaf_station_borden,,CAN_rcaf_station_borden,70,10,7,0,4,2,no
canada.txt,mod,CAN_rcaf_station_borden,CAN_rcaf_station_borden,CAN_we_have_the_hurricane,50,10,5,,,yes
canada.txt,mod,CAN_rcaf_station_borden,CAN_rcaf_station_borden,CAN_the_pacific_coast_air_defence_radar_system,50,10,5,,,yes
canada.txt,mod,CAN_halifax_shipyards,,CAN_halifax_shipyards,90,10,9,0,5,5,no
canada.txt,mod,CAN_halifax_shipyards,CAN_halifax_shipyards,CAN_destroyer_effort,80,10,8,,,yes
chile.txt,base,CHL_look_to_tradition,,CHL_look_to_tradition,515,5,67,0,17,25,no
chile.txt,base,CHL_look_to_tradition,CHL_look_to_tradition,CHL_ibanezs_coup,510,5,66,,,yes
chile.txt,base,CHL_endorse_the_constitution,,CHL_endorse_the_constitution,430,5,52,0,13,23,no
chile.txt,base,CHL_endorse_the_constitution,CHL_endorse_the_constitution,CHL_policies_of_arturo_alessandri,415,5,49,,,yes
chile.txt,base,CHL_endorse_the_constitution,CHL_endorse_the_constitution,CHL_cooperation_with_the_falange,5,5,1,,,no
chile.txt,base,CHL_endorse_the_constitution,CHL_endorse_the_constitution,CHL_suppress_the_nacistas,5,5,1,,,no
chile.txt,base,CHL_denounce_the_anarchy,,CHL_denounce_the_anarchy,425,5,58,0,15,17,no
chile.txt,base,CHL_denounce_the_anarchy,CHL_denounce_the_anarchy,CHL_empower_the_preparation_department,420,10,57,,,yes
chile.txt,base,CHL_hub_of_the_world_revolution,,CHL_hub_of_the_world_revolution,10,10,1,0,0,0,no
chile.txt,base,CHL_public_works,,CHL_public_works,180,10,23,0,5,4,no
chile.txt,base,CHL_public_works,CHL_public_works,CHL_contract_efe,120,5,16,,,yes
chile.txt,base,CHL_public_works,CHL_public_works,CHL_expand_the_forestry,15,10,2,,,yes
chile.txt,base,CHL_public_works,CHL_public_works,CHL_construct_new_hydroelectric_stations,10,10,1,,,no
chile.txt,base,CHL_public_works,CHL_public_works,CHL_issue_bonds,10,10,1,,,no
chile.txt,base,CHL_public_works,CHL_public_works,CHL_work_on_the_pan_american_highway,10,10,1,,,no
chile.txt,base,CHL_public_works,CHL_public_works,CHL_impose_new_taxes,5,5,1,,,no
chile.txt,base,CHL_dissolve_covensa,,CHL_dissolve_covensa,180,10,23,0,5,4,no
chile.txt,base,CHL_dissolve_covensa,CHL_dissolve_covensa,CHL_we_must_dig_deeper,120,5,16,,,yes
chile.txt,base,CHL_dissolve_covensa,CHL_dissolve_covensa,CHL_establish_trade_relationships,15,5,2,,,yes
chile.txt,base,CHL_dissolve_covensa,CHL_dissolve_covensa,CHL_construct_new_hydroelectric_stations,10,10,1,,,no
chile.txt,base,CHL_dissolve_covensa,CHL_dissolve_covensa,CHL_issue_bonds,10,10,1,,,no
chile.txt,base,CHL_dissolve_covensa,CHL_dissolve_covensa,CHL_work_on_the_pan_american_highway,10,10,1,,,no
chile.txt,base,CHL_dissolve_covensa,CHL_dissolve_covensa,CHL_impose_new_taxes,5,5,1,,,no
china_communist.txt,base,PRC_strengthen_the_central_secretariat,,PRC_strengthen_the_central_secretariat,160,10,16,0,6,2,no
china_communist.txt,base,PRC_strengthen_the_central_secretariat,PRC_strengthen_the_central_secretariat,PRC_marxist_orthodoxy,60,10,6,,,yes
china_communist.txt,base,PRC_strengthen_the_central_secretariat,PRC_strengthen_the_central_secretariat,PRC_agrarian_socialism,60,10,6,,,yes
china_communist.txt,base,PRC_strengthen_the_central_secretariat,PRC_strengthen_the_central_secretariat,PRC_social_democracy_focus,50,10,5,,,yes
china_communist.txt,base,PRC_land_redistribution,,PRC_land_redistribution,270,10,27,0,8,8,no
china_communist.txt,base,PRC_land_redistribution,PRC_land_redistribution,PRC_the_yanan_base_area,190,10,19,,,yes
china_communist.txt,base,PRC_land_redistribution,PRC_land_redistribution,PRC_enforce_the_three_rules,40,10,4,,,yes
china_communist.txt,base,PRC_land_redistribution,PRC_land_redistribution,PRC_literacy_programs,30,10,3,,,yes
china_communist_sea.txt,base,PRC_put_an_end_to_the_sufan,,PRC_put_an_end_to_the_sufan,1634,5,203,0,17,89,no
china_communist_sea.txt,base,PRC_put_an_end_to_the_sufan,PRC_put_an_end_to_the_sufan,PRC_know_the_enemy,954,5,118,,,yes
china_communist_sea.txt,base,PRC_put_an_end_to_the_sufan,PRC_put_an_end_to_the_sufan,PRC_long_march_to_recovery,435,5,58,,,yes
china_communist_sea.txt,base,PRC_put_an_end_to_the_sufan,PRC_put_an_end_to_the_sufan,PRC_rally_the_industry,240,5,26,,,yes
china_communist_warlord_TSR.txt,base,PRC_sea_strengthen_the_central_secretariat,,PRC_sea_strengthen_the_central_secretariat,130,10,14,0,6,4,no
china_communist_warlord_TSR.txt,base,PRC_sea_strengthen_the_central_secretariat,PRC_sea_strengthen_the_central_secretariat,PRC_sea_inward_focus,75,10,8,,,yes
china_communist_warlord_TSR.txt,base,PRC_sea_strengthen_the_central_secretariat,PRC_sea_strengthen_the_central_secretariat,PRC_sea_toe_the_soviet_line,75,10,8,,,yes
china_communist_warlord_TSR.txt,base,PRC_sea_land_redistribution,,PRC_sea_land_redistribution,270,10,27,0,8,8,no
china_communist_warlord_TSR.txt,base,PRC_sea_land_redistribution,PRC_sea_land_redistribution,PRC_sea_the_yanan_base_area,190,10,19,,,yes
china_communist_warlord_TSR.txt,base,PRC_sea_land_redistribution,PRC_sea_land_redistribution,PRC_sea_enforce_the_three_rules,40,10,4,,,yes
china_communist_warlord_TSR.txt,base,PRC_sea_land_redistribution,PRC_sea_land_redistribution,PRC_sea_literacy_programs,30,10,3,,,yes
china_nationalist.txt,base,CHI_three_principles_of_the_people,,CHI_three_principles_of_the_people,295,10,31,0,8,8,no
china_nationalist.txt,base,CHI_three_principles_of_the_people,CHI_three_principles_of_the_people,CHI_nationalism,130,10,14,,,yes
china_nationalist.txt,base,CHI_three_principles_of_the_people,CHI_three_principles_of_the_people,CHI_democracy,85,10,9,,,yes
china_nationalist.txt,base,CHI_three_principles_of_the_people,CHI_three_principles_of_the_people,CHI_welfare,70,10,7,,,yes
china_nationalist.txt,base,CHI_military_affairs_commission,,CHI_military_affairs_commission,65,10,7,0,2,1,no
china_nationalist.txt,base,CHI_military_affairs_commission,CHI_military_affairs_commission,CHI_fortify_shanghai,20,10,2,,,yes
china_nationalist.txt,base,CHI_military_affairs_commission,CHI_military_affairs_commission,CHI_bureau_of_investigation_and_statistics,20,10,2,,,yes
china_nationalist.txt,base,CHI_military_affairs_commission,CHI_military_affairs_commission,CHI_army_reform,15,10,2,,,yes
china_nationalist.txt,base,CHI_unified_industrial_planning,,CHI_unified_industrial_planning,120,10,12,0,4,3,no
china_nationalist.txt,base,CHI_unified_industrial_planning,CHI_unified_industrial_planning,CHI_financial_policy,50,10,5,,,yes
china_nationalist.txt,base,CHI_unified_industrial_planning,CHI_unified_industrial_planning,CHI_rural_reconstruction_movement,40,10,4,,,yes
china_nationalist.txt,base,CHI_unified_industrial_planning,CHI_unified_industrial_planning,CHI_expand_the_academica_sinica,20,10,2,,,yes
china_nationalist_sea.txt,base,CHI_end_military_primacy,,CHI_end_military_primacy,290,10,42,0,8,12,no
china_nationalist_sea.txt,base,CHI_end_military_primacy,CHI_end_military_primacy,CHI_accelerate_the_tutelage,260,10,38,,,yes
china_nationalist_sea.txt,base,CHI_end_military_primacy,CHI_end_military_primacy,CHI_avoid_another_crisis,20,5,3,,,yes
china_nationalist_sea.txt,base,CHI_dang_guo,,CHI_dang_guo,905,5,113,0,11,40,no
china_nationalist_sea.txt,base,CHI_dang_guo,CHI_dang_guo,CHI_denounce_feudalism,595,5,78,,,yes
china_nationalist_sea.txt,base,CHI_dang_guo,CHI_dang_guo,CHI_prepare_for_a_change_in_leadership,405,10,48,,,yes
china_nationalist_sea.txt,base,CHI_strengthening_our_resolve,,CHI_strengthening_our_resolve,170,5,22,0,10,5,no
china_nationalist_sea.txt,base,CHI_strengthening_our_resolve,CHI_strengthening_our_resolve,CHI_co_opt_the_koh_hsin_movement,155,5,19,,,yes
china_nationalist_sea.txt,base,CHI_strengthening_our_resolve,CHI_strengthening_our_resolve,CHI_mend_the_rift_with_hu,155,5,19,,,yes
china_nationalist_sea.txt,base,CHI_strengthening_our_resolve,CHI_strengthening_our_resolve,CHI_revive_the_western_hills_group,155,5,19,,,yes
china_nationalist_sea.txt,base,CHI_promote_the_national_currency,,CHI_promote_the_national_currency,230,5,29,0,6,10,no
china_nationalist_sea.txt,base,CHI_promote_the_national_currency,CHI_promote_the_national_currency,CHI_the_three_year_plan,95,10,13,,,yes
china_nationalist_sea.txt,base,CHI_promote_the_national_currency,CHI_promote_the_national_currency,CHI_institute_a_national_registry_of_property,45,10,5,,,yes
china_nationalist_sea.txt,base,CHI_promote_the_national_currency,CHI_promote_the_national_currency,CHI_extend_compulsory_education,45,5,5,,,yes
china_nationalist_sea.txt,base,CHI_promote_the_national_currency,CHI_promote_the_national_currency,CHI_initiate_the_gung_ho_movement,40,10,5,,,yes
china_nationalist_sea.txt,base,CHI_military_affairs_commission_sea,,CHI_military_affairs_commission_sea,265,5,34,0,5,9,no
china_nationalist_sea.txt,base,CHI_military_affairs_commission_sea,CHI_military_affairs_commission_sea,CHI_protracted_warfare,100,10,13,,,yes
china_nationalist_sea.txt,base,CHI_military_affairs_commission_sea,CHI_military_affairs_commission_sea,CHI_decisive_battles,95,10,13,,,yes
china_nationalist_sea.txt,base,CHI_military_affairs_commission_sea,CHI_military_affairs_commission_sea,CHI_set_up_an_nco_school,55,10,6,,,yes
china_nationalist_sea.txt,base,CHI_military_affairs_commission_sea,CHI_military_affairs_commission_sea,CHI_formalize_field_promotions,55,10,6,,,yes
china_nationalist_sea.txt,base,CHI_rocaf,,CHI_rocaf,210,5,24,0,6,8,no
china_nationalist_sea.txt,base,CHI_rocaf,CHI_rocaf,CHI_controlling_our_skies,105,10,12,,,yes
china_nationalist_sea.txt,base,CHI_rocaf,CHI_rocaf,CHI_projecting_power,85,10,10,,,yes
china_nationalist_sea.txt,base,CHI_rocaf,CHI_rocaf,CHI_reorganise_the_central_armys_academy_aviation_corps,60,10,6,,,yes
china_nationalist_sea.txt,base,CHI_rocaf,CHI_rocaf,CHI_bring_the_war_home,5,5,1,,,no
china_nationalist_sea.txt,base,CHI_rocaf,CHI_rocaf,CHI_open_afamf_plants,5,5,1,,,no
china_nationalist_sea.txt,base,CHI_republic_of_china_navy,,CHI_republic_of_china_navy,190,5,23,0,4,13,no
china_nationalist_sea.txt,base,CHI_republic_of_china_navy,CHI_republic_of_china_navy,CHI_deny_the_enemy,85,10,10,,,yes
china_nationalist_sea.txt,base,CHI_republic_of_china_navy,CHI_republic_of_china_navy,CHI_dominate_the_enemy,85,10,10,,,yes
china_nationalist_sea.txt,base,CHI_republic_of_china_navy,CHI_republic_of_china_navy,CHI_develop_northern_naval_logistics,20,10,3,,,yes
china_nationalist_sea.txt,base,CHI_republic_of_china_navy,CHI_republic_of_china_navy,CHI_develop_southern_naval_logistics,20,10,3,,,yes
china_nationalist_sea.txt,base,CHI_republic_of_china_navy,CHI_republic_of_china_navy,CHI_foreign_acquisition,5,5,1,,,no
china_nationalist_warlord_TSR.txt,base,CHI_tsr_repoen_the_natioal_assembly,,CHI_tsr_repoen_the_natioal_assembly,275,5,30,0,9,7,no
china_nationalist_warlord_TSR.txt,base,CHI_tsr_repoen_the_natioal_assembly,CHI_tsr_repoen_the_natioal_assembly,CHI_sea_three_principles_of_the_people,270,5,29,,,yes
china_nationalist_warlord_TSR.txt,base,CHI_tsr_form_a_preparatory_committee,,CHI_tsr_form_a_preparatory_committee,100,5,15,0,6,3,no
china_nationalist_warlord_TSR.txt,base,CHI_tsr_form_a_preparatory_committee,CHI_tsr_form_a_preparatory_committee,CHI_tsr_legacy_of_the_hongxian_emperor,85,10,12,,,yes
china_nationalist_warlord_TSR.txt,base,CHI_tsr_form_a_preparatory_committee,CHI_tsr_form_a_preparatory_committee,CHI_tsr_coronation_at_the_temple_of_heaven,80,5,12,,,yes
china_nationalist_warlord_TSR.txt,base,CHI_tsr_form_a_preparatory_committee,CHI_tsr_form_a_preparatory_committee,CHI_tsr_outlaw_the_kmt_and_cpc,80,5,12,,,yes
china_nationalist_warlord_TSR.txt,base,CHI_tsr_the_reorganied_government,,CHI_tsr_the_reorganied_government,105,10,14,0,8,3,no
china_nationalist_warlord_TSR.txt,base,CHI_tsr_the_reorganied_government,CHI_tsr_the_reorganied_government,CHI_tsr_military_industrial_collaboration,85,10,12,,,yes
china_nationalist_warlord_TSR.txt,base,CHI_tsr_the_reorganied_government,CHI_tsr_the_reorganied_government,CHI_tsr_industrial_expansion_cooperation,85,10,12,,,yes
china_nationalist_warlord_TSR.txt,base,CHI_sea_military_affairs_commission,,CHI_sea_military_affairs_commission,65,10,7,0,2,1,no
china_nationalist_warlord_TSR.txt,base,CHI_sea_military_affairs_commission,CHI_sea_military_affairs_commission,CHI_sea_fortify_shanghai,20,10,2,,,yes
china_nationalist_warlord_TSR.txt,base,CHI_sea_military_affairs_commission,CHI_sea_military_affairs_commission,CHI_sea_bureau_of_investigation_and_statistics,20,10,2,,,yes
china_nationalist_warlord_TSR.txt,base,CHI_sea_military_affairs_commission,CHI_sea_military_affairs_commission,CHI_sea_army_reform,15,10,2,,,yes
china_nationalist_warlord_TSR.txt,base,CHI_sea_unified_industrial_planning,,CHI_sea_unified_industrial_planning,120,10,12,0,4,3,no
china_nationalist_warlord_TSR.txt,base,CHI_sea_unified_industrial_planning,CHI_sea_unified_industrial_planning,CHI_sea_financial_policy,50,10,5,,,yes
china_nationalist_warlord_TSR.txt,base,CHI_sea_unified_industrial_planning,CHI_sea_unified_industrial_planning,CHI_sea_rural_reconstruction_movement,40,10,4,,,yes
china_nationalist_warlord_TSR.txt,base,CHI_sea_unified_industrial_planning,CHI_sea_unified_industrial_planning,CHI_sea_expand_the_academica_sinica,20,10,2,,,yes
china_warlord.txt,base,CHI_secure_internal_politics,,CHI_secure_internal_politics,315,10,32,0,6,10,no
china_warlord.txt,base,CHI_secure_internal_politics,CHI_secure_internal_politics,CHI_opposition,125,10,13,,,yes
china_warlord.txt,base,CHI_secure_internal_politics,CHI_secure_internal_politics,CHI_cooperation_with_the_communists,120,10,12,,,yes
china_warlord.txt,base,CHI_secure_internal_politics,CHI_secure_internal_politics,CHI_cooperation_with_the_nationalists,100,10,10,,,yes
china_warlord.txt,base,CHI_industrial_investment,,CHI_industrial_investment,60,10,6,0,3,2,no
china_warlord.txt,base,CHI_industrial_investment,CHI_industrial_investment,CHI_local_arms_production,40,10,4,,,yes
china_warlord.txt,base,CHI_industrial_investment,CHI_industrial_investment,CHI_public_education_reform,10,10,1,,,no
china_warlord.txt,base,CHI_strenghten_warlord_authority,,CHI_strenghten_warlord_authority,30,10,3,0,1,1,no
china_warlord.txt,base,CHI_strenghten_warlord_authority,CHI_strenghten_warlord_authority,CHI_uplift_the_cavalry_regiments,10,10,1,,,no
china_warlord.txt,base,CHI_strenghten_warlord_authority,CHI_strenghten_warlord_authority,CHI_uplift_the_mountain_brigades,10,10,1,,,no
china_warlord_sea.txt,base,CHI_sea_secure_internal_politics,,CHI_sea_secure_internal_politics,285,5,38,0,7,14,no
china_warlord_sea.txt,base,CHI_sea_secure_internal_politics,CHI_sea_secure_internal_politics,CHI_sea_cooperation_with_the_nationalists,110,10,15,,,yes
china_warlord_sea.txt,base,CHI_sea_secure_internal_politics,CHI_sea_secure_internal_politics,CHI_sea_cooperation_with_the_communists,105,10,13,,,yes
china_warlord_sea.txt,base,CHI_sea_secure_internal_politics,CHI_sea_secure_internal_politics,CHI_sea_opposition,100,10,13,,,yes
china_warlord_sea.txt,base,CHI_sea_develop_capital,,CHI_sea_develop_capital,80,5,11,0,4,4,no
china_warlord_sea.txt,base,CHI_sea_develop_capital,CHI_sea_develop_capital,CHI_sea_further_industrial_investment,55,5,7,,,yes
china_warlord_sea.txt,base,CHI_sea_develop_capital,CHI_sea_develop_capital,CHI_sea_develop_capital_arsenal,55,5,7,,,yes
china_warlord_sea.txt,base,CHI_sea_strenghten_warlord_authority,,CHI_sea_strenghten_warlord_authority,175,10,24,0,6,8,no
china_warlord_sea.txt,base,CHI_sea_strenghten_warlord_authority,CHI_sea_strenghten_warlord_authority,SIK_office_of_sinkiang_border_commissioner,110,5,15,,,yes
china_warlord_sea.txt,base,CHI_sea_strenghten_warlord_authority,CHI_sea_strenghten_warlord_authority,CHI_sea_uplift_the_cavalry_regiments,50,5,7,,,yes
china_warlord_sea.txt,base,CHI_sea_strenghten_warlord_authority,CHI_sea_strenghten_warlord_authority,CHI_sea_uplift_the_mountain_brigades,50,5,7,,,yes
china_warlord_sea.txt,base,SIK_cooperate_with_the_ussr,,SIK_cooperate_with_the_ussr,170,10,22,0,6,8,no
china_warlord_sea.txt,base,SIK_cooperate_with_the_ussr,SIK_cooperate_with_the_ussr,SIK_military_cooperation,115,10,15,,,yes
china_warlord_sea.txt,base,SIK_cooperate_with_the_ussr,SIK_cooperate_with_the_ussr,SIK_utilize_asperovs_contacts,40,10,5,,,yes
china_warlord_sea.txt,base,SIK_cooperate_with_the_ussr,SIK_cooperate_with_the_ussr,SIK_establish_the_xinjiangneft,15,5,2,,,yes
china_warlord_sea.txt,base,KHM_call_for_aid,,KHM_call_for_aid,45,5,6,0,2,3,no
china_warlord_sea.txt,base,KHM_call_for_aid,KHM_call_for_aid,KHM_utilize_family_contacts,35,5,4,,,yes
china_warlord_sea.txt,base,KHM_call_for_aid,KHM_call_for_aid,KHM_push_them_back,35,5,4,,,yes
china_warlord_sea.txt,base,KHM_strike_the_governor,,KHM_strike_the_governor,45,5,6,0,2,3,no
china_warlord_sea.txt,base,KHM_strike_the_governor,KHM_strike_the_governor,KHM_utilize_family_contacts,35,5,4,,,yes
china_warlord_sea.txt,base,KHM_strike_the_governor,KHM_strike_the_governor,KHM_push_them_back,35,5,4,,,yes
china_warlord_sea.txt,base,XSM_the_military_governor,,XSM_the_military_governor,80,10,10,0,5,4,no
china_warlord_sea.txt,base,XSM_the_military_governor,XSM_the_military_governor,XSM_a_hui_army,65,5,8,,,yes
china_warlord_sea.txt,base,XSM_the_military_governor,XSM_the_military_governor,XSM_sway_the_people,65,5,8,,,yes
china_warlord_sea.txt,base,KHM_undermine_kmt_rule,,KHM_undermine_kmt_rule,75,5,12,0,4,2,no
china_warlord_sea.txt,base,KHM_undermine_kmt_rule,KHM_undermine_kmt_rule,KHM_establish_the_kashgar_clique,45,5,7,,,yes
china_warlord_sea.txt,base,KHM_undermine_kmt_rule,KHM_undermine_kmt_rule,KHM_expand_the_madrasas,20,5,3,,,yes
china_warlord_sea.txt,base,KHM_undermine_kmt_rule,KHM_undermine_kmt_rule,KHM_indian_expeditionary_forces_plan,5,5,1,,,no
china_warlord_sea.txt,base,XSM_sideline_family_conflicts,,XSM_sideline_family_conflicts,65,5,9,0,3,2,no
china_warlord_sea.txt,base,XSM_sideline_family_conflicts,XSM_sideline_family_conflicts,XSM_strengthening_our_position,35,5,4,,,yes
china_warlord_sea.txt,base,XSM_sideline_family_conflicts,XSM_sideline_family_conflicts,KHM_expand_the_madrasas,20,5,3,,,yes
china_warlord_sea.txt,base,XSM_sideline_family_conflicts,XSM_sideline_family_conflicts,KHM_indian_expeditionary_forces_plan,5,5,1,,,no
china_warlord_sea.txt,base,KUM_victory_in_tihwa,,KUM_victory_in_tihwa,15,5,2,0,1,0,no
china_warlord_sea.txt,base,KUM_victory_in_tihwa,KUM_victory_in_tihwa,KUM_restore_yettishar,10,10,1,,,no
china_warlord_sea.txt,base,SIC_the_sichuan_clique,,SIC_the_sichuan_clique,90,5,11,0,4,1,no
china_warlord_sea.txt,base,SIC_the_sichuan_clique,SIC_the_sichuan_clique,SIC_the_governor_of_sichuan,35,10,4,,,yes
china_warlord_sea.txt,base,SIC_the_sichuan_clique,SIC_the_sichuan_clique,SIC_the_domain_of_liu_wenhui,25,10,3,,,yes
china_warlord_sea.txt,base,SIC_the_sichuan_clique,SIC_the_sichuan_clique,SIC_the_armies_of_yang_sen,25,10,3,,,yes
china_warlord_sea.txt,base,XIC_northwest_bandit_suppression_headquarters,,XIC_northwest_bandit_suppression_headquarters,115,5,18,0,7,5,no
china_warlord_sea.txt,base,XIC_northwest_bandit_suppression_headquarters,XIC_northwest_bandit_suppression_headquarters,XIC_sixth_encirclement_campaign,70,10,9,,,yes
china_warlord_sea.txt,base,XIC_northwest_bandit_suppression_headquarters,XIC_northwest_bandit_suppression_headquarters,XIC_discussions_in_luochuan,40,5,8,,,yes
china_warlord_sea.txt,base,YUN_rally_around_long_yun,,YUN_rally_around_long_yun,70,5,8,0,5,1,no
china_warlord_sea.txt,base,YUN_rally_around_long_yun,YUN_rally_around_long_yun,YUN_expand_local_infrastructure,45,10,5,,,yes
china_warlord_sea.txt,base,YUN_rally_around_long_yun,YUN_rally_around_long_yun,YUN_a_land_of_mountains,45,10,5,,,yes
congo.txt,base,COG_congolese_bussinessowners,,COG_congolese_bussinessowners,15,10,2,0,1,0,no
congo.txt,base,COG_congolese_bussinessowners,COG_congolese_bussinessowners,COG_shatter_the_roof,5,5,1,,,no
congo.txt,base,COG_desgregate_the_universites,,COG_desgregate_the_universites,15,10,2,0,1,0,no
congo.txt,base,COG_desgregate_the_universites,COG_desgregate_the_universites,COG_shatter_the_roof,5,5,1,,,no
congo.txt,base,COG_establish_the_anc,,COG_establish_the_anc,220,5,27,0,5,10,no
congo.txt,base,COG_establish_the_anc,COG_establish_the_anc,COG_forces_terrestres,100,5,12,,,yes
congo.txt,base,COG_establish_the_anc,COG_establish_the_anc,COG_marine_nationale,70,5,9,,,yes
congo.txt,base,COG_establish_the_anc,COG_establish_the_anc,COG_force_arienne_congolaise,45,5,5,,,yes
congo.txt,base,COG_governor_general_pierre_ryckmans,,COG_governor_general_pierre_ryckmans,125,5,17,0,4,2,no
congo.txt,base,COG_governor_general_pierre_ryckmans,COG_governor_general_pierre_ryckmans,COG_invest_in_urban_centers,40,10,5,,,yes
congo.txt,base,COG_governor_general_pierre_ryckmans,COG_governor_general_pierre_ryckmans,COG_strengthen_the_banque_du_congo_belge,35,10,4,,,yes
congo.txt,base,COG_governor_general_pierre_ryckmans,COG_governor_general_pierre_ryckmans,COG_attempt_to_centralize_the_state,20,5,3,,,yes
congo.txt,base,COG_governor_general_pierre_ryckmans,COG_governor_general_pierre_ryckmans,COG_allow_local_autonomy,20,5,3,,,yes
congo.txt,base,COG_governor_general_pierre_ryckmans,COG_governor_general_pierre_ryckmans,COG_establish_new_sabena_air_routes,10,10,1,,,no
congo.txt,base,COG_governor_general_pierre_ryckmans,COG_governor_general_pierre_ryckmans,COG_formally_recognize_the_kimbanguist_church,5,5,1,,,no
congo.txt,base,COG_governor_general_pierre_ryckmans,COG_governor_general_pierre_ryckmans,COG_the_intore_lion_dancers,5,5,1,,,no
congo.txt,base,COG_found_the_congolese_national_movement,,COG_found_the_congolese_national_movement,80,10,12,0,3,2,no
congo.txt,base,COG_found_the_congolese_national_movement,COG_found_the_congolese_national_movement,COG_encourage_unionism,20,5,4,,,yes
congo.txt,base,COG_found_the_congolese_national_movement,COG_found_the_congolese_national_movement,COG_found_the_parti_solidaire_africain,15,5,2,,,yes
congo.txt,base,COG_found_the_congolese_national_movement,COG_found_the_congolese_national_movement,COG_alliance_de_bakongo,15,10,2,,,yes
congo.txt,base,COG_found_the_congolese_national_movement,COG_found_the_congolese_national_movement,COG_endorse_force_publique_mutinies,10,10,1,,,no
congo.txt,base,COG_found_the_congolese_national_movement,COG_found_the_congolese_national_movement,COG_formally_recognize_the_kimbanguist_church,5,5,1,,,no
congo.txt,base,COG_found_the_congolese_national_movement,COG_found_the_congolese_national_movement,COG_the_intore_lion_dancers,5,5,1,,,no
congo.txt,base,COG_national_committee_for_liberation,,COG_national_committee_for_liberation,100,10,16,0,5,3,no
congo.txt,base,COG_national_committee_for_liberation,COG_national_committee_for_liberation,COG_the_simba_movement,45,5,7,,,yes
congo.txt,base,COG_national_committee_for_liberation,COG_national_committee_for_liberation,COG_approach_the_disfavored_mwami,45,5,7,,,yes
congo.txt,base,COG_national_committee_for_liberation,COG_national_committee_for_liberation,COG_encourage_unionism,20,5,4,,,yes
congo.txt,base,COG_national_committee_for_liberation,COG_national_committee_for_liberation,COG_endorse_force_publique_mutinies,10,10,1,,,no
congo.txt,base,COG_national_committee_for_liberation,COG_national_committee_for_liberation,COG_formally_recognize_the_kimbanguist_church,5,5,1,,,no
congo.txt,base,COG_national_committee_for_liberation,COG_national_committee_for_liberation,COG_the_intore_lion_dancers,5,5,1,,,no
congo.txt,base,COG_congo_and_the_war_in_europe,,COG_congo_and_the_war_in_europe,75,5,10,0,2,3,no
congo.txt,base,COG_congo_and_the_war_in_europe,COG_congo_and_the_war_in_europe,COG_emergency_powers_for_pierre_ryckmans,25,5,4,,,yes
congo.txt,base,COG_congo_and_the_war_in_europe,COG_congo_and_the_war_in_europe,COG_prepare_for_offensive_action,25,5,3,,,yes
congo.txt,base,COG_congo_and_the_war_in_europe,COG_congo_and_the_war_in_europe,COG_make_use_of_the_british_proposal,20,10,2,,,yes
congo.txt,base,COG_congo_and_the_war_in_europe,COG_congo_and_the_war_in_europe,COG_safeguard_cabinda,10,10,1,,,no
congo.txt,base,COG_kasa_vubus_first_cabinet,,COG_kasa_vubus_first_cabinet,95,5,11,0,3,1,no
congo.txt,base,COG_kasa_vubus_first_cabinet,COG_kasa_vubus_first_cabinet,COG_national_insitute_of_agronomic_study,30,10,3,,,yes
congo.txt,base,COG_kasa_vubus_first_cabinet,COG_kasa_vubus_first_cabinet,COG_nationalization_of_foreign_industrial_assets,30,10,3,,,yes
congo.txt,base,COG_kasa_vubus_first_cabinet,COG_kasa_vubus_first_cabinet,COG_declaration_of_congolese_unity,20,10,2,,,yes
congo.txt,base,COG_kasa_vubus_first_cabinet,COG_kasa_vubus_first_cabinet,COG_improve_the_civil_administration,20,5,3,,,yes
congo.txt,base,COG_the_lion_roars,,COG_the_lion_roars,165,5,21,0,7,7,no
congo.txt,base,COG_the_lion_roars,COG_the_lion_roars,COG_proclaim_the_peoples_republic,125,10,16,,,yes
congo.txt,base,COG_the_lion_roars,COG_the_lion_roars,COG_nationalization_of_foreign_industrial_assets,30,10,3,,,yes
congo.txt,base,COG_the_lion_roars,COG_the_lion_roars,COG_the_arme_populaire_de_liberation,5,5,1,,,no
congo.txt,base,COG_assemble_a_regency_council,,COG_assemble_a_regency_council,444,5,47,0,5,14,no
congo.txt,base,COG_assemble_a_regency_council,COG_assemble_a_regency_council,COG_the_ma_loango_focus,85,10,9,,,yes
congo.txt,base,COG_assemble_a_regency_council,COG_assemble_a_regency_council,COG_the_umwami_of_rwanda_focus,85,10,9,,,yes
congo.txt,base,COG_assemble_a_regency_council,COG_assemble_a_regency_council,COG_the_pro_german_mwami_focus,74,10,8,,,yes
congo.txt,base,COG_assemble_a_regency_council,COG_assemble_a_regency_council,COG_the_nyim_of_kuba_focus,70,10,7,,,yes
congo.txt,base,COG_assemble_a_regency_council,COG_assemble_a_regency_council,COG_the_kingdom_of_kongo_focus,60,10,6,,,yes
congo.txt,base,COG_assemble_a_regency_council,COG_assemble_a_regency_council,COG_the_mwami_of_burundi_focus,55,10,6,,,yes
congo.txt,base,COG_assemble_a_regency_council,COG_assemble_a_regency_council,COG_royal_university_of_higher_education,10,10,1,,,no
czechoslovakia.txt,base,CZE_fortification_studies,,CZE_fortification_studies,70,10,8,0,3,2,no
czechoslovakia.txt,base,CZE_fortification_studies,CZE_fortification_studies,CZE_sudeten_1,40,10,5,,,yes
czechoslovakia.txt,base,CZE_fortification_studies,CZE_fortification_studies,CZE_fallback_line,10,10,1,,,no
czechoslovakia.txt,base,CZE_fortification_studies,CZE_fortification_studies,CZE_internal_redoubts,10,10,1,,,no
czechoslovakia.txt,base,CZE_industrial_legacy,,CZE_industrial_legacy,110,10,11,0,4,1,no
czechoslovakia.txt,base,CZE_industrial_legacy,CZE_industrial_legacy,CZE_balanced_1,40,10,4,,,yes
czechoslovakia.txt,base,CZE_industrial_legacy,CZE_industrial_legacy,CZE_favor_czechs_1,30,10,3,,,yes
czechoslovakia.txt,base,CZE_industrial_legacy,CZE_industrial_legacy,CZE_arms_exports_1,30,10,3,,,yes
czechoslovakia.txt,base,CZE_political_direction,,CZE_political_direction,182,10,20,0,5,7,no
czechoslovakia.txt,base,CZE_political_direction,CZE_political_direction,CZE_go_right,85,10,9,,,yes
czechoslovakia.txt,base,CZE_political_direction,CZE_political_direction,CZE_go_left,55,10,6,,,yes
czechoslovakia.txt,base,CZE_political_direction,CZE_political_direction,CZE_democratic_bastion,42,10,5,,,yes
czechoslovakia.txt,base,CZE_czech_socialism,,CZE_czech_socialism,20,10,2,0,1,0,no
czechoslovakia.txt,base,CZE_czech_socialism,CZE_czech_socialism,CZE_communism_with_a_human_face,10,10,1,,,no
czechoslovakia.txt,base,CZE_strategy_decisions,,CZE_strategy_decisions,165,10,18,0,4,6,no
czechoslovakia.txt,base,CZE_strategy_decisions,CZE_strategy_decisions,CZE_an_entente_of_our_own,75,5,8,,,yes
czechoslovakia.txt,base,CZE_strategy_decisions,CZE_strategy_decisions,CZE_trust_in_the_west,50,10,5,,,yes
czechoslovakia.txt,base,CZE_strategy_decisions,CZE_strategy_decisions,CZE_german_leanings,25,10,3,,,yes
czechoslovakia.txt,base,CZE_strategy_decisions,CZE_strategy_decisions,CZE_czechoslovak_legion,5,5,1,,,no
czechoslovakia.txt,base,CZE_german_puppet,,CZE_german_puppet,12,2,2,0,1,0,no
czechoslovakia.txt,base,CZE_german_puppet,CZE_german_puppet,CZE_hungarian_situation,10,10,1,,,no
czechoslovakia.txt,base,CZE_military_research_institute,,CZE_military_research_institute,120,10,12,0,4,1,no
czechoslovakia.txt,base,CZE_military_research_institute,CZE_military_research_institute,CZE_mountain_bonus,40,10,4,,,yes
czechoslovakia.txt,base,CZE_military_research_institute,CZE_military_research_institute,CZE_inf_and_artillery_advancement,40,10,4,,,yes
czechoslovakia.txt,base,CZE_military_research_institute,CZE_military_research_institute,CZE_motorization_scheme,40,10,4,,,yes
czechoslovakia.txt,base,CZE_military_research_institute,CZE_military_research_institute,CZE_armour_bonus_1,40,10,4,,,yes
czechoslovakia.txt,base,CZE_military_aeronautical_institute,,CZE_military_aeronautical_institute,90,10,9,0,3,3,no
czechoslovakia.txt,base,CZE_military_aeronautical_institute,CZE_military_aeronautical_institute,CZE_import_foreign_fighters,40,10,4,,,yes
czechoslovakia.txt,base,CZE_military_aeronautical_institute,CZE_military_aeronautical_institute,CZE_import_foreign_bombers,30,10,3,,,yes
czechoslovakia.txt,base,CZE_military_aeronautical_institute,CZE_military_aeronautical_institute,CZE_air_is_our_sea,20,10,2,,,yes
czechoslovakia.txt,base,CZE_access_to_the_sea,,CZE_access_to_the_sea,80,10,8,0,3,3,no
czechoslovakia.txt,base,CZE_access_to_the_sea,CZE_access_to_the_sea,CZE_shipbuilding_legacy,60,10,6,,,yes
czechoslovakia.txt,base,CZE_access_to_the_sea,CZE_access_to_the_sea,CZE_sudden_shipyard,10,10,1,,,no
czechoslovakia_mu.txt,base,CZE_appeal_to_the_castle,,CZE_appeal_to_the_castle,489,10,69,0,9,23,no
czechoslovakia_mu.txt,base,CZE_appeal_to_the_castle,CZE_appeal_to_the_castle,CZE_petition_the_nobles,330,5,42,,,yes
czechoslovakia_mu.txt,base,CZE_appeal_to_the_castle,CZE_appeal_to_the_castle,CZE_unify_the_fascist_parties,314,5,48,,,yes
czechoslovakia_mu.txt,base,CZE_coalition_building,,CZE_coalition_building,600,5,93,0,9,29,no
czechoslovakia_mu.txt,base,CZE_coalition_building,CZE_coalition_building,CZE_increase_funding_from_moscow,205,10,32,,,yes
czechoslovakia_mu.txt,base,CZE_coalition_building,CZE_coalition_building,CZE_placate_benes_faction,200,5,31,,,yes
czechoslovakia_mu.txt,base,CZE_coalition_building,CZE_coalition_building,CZE_negotiations_with_the_autonomous_bloc,155,5,25,,,yes
czechoslovakia_mu.txt,base,CZE_coalition_building,CZE_coalition_building,CZE_forgive_trading_debts,120,5,17,,,yes
czechoslovakia_mu.txt,base,CZE_coalition_building,CZE_coalition_building,CZE_vonapo_20,40,5,6,,,yes
czechoslovakia_mu.txt,base,CZE_revive_the_czechoslovak_legion_dynamic,,CZE_revive_the_czechoslovak_legion_dynamic,40,5,7,0,3,2,no
czechoslovakia_mu.txt,base,CZE_revive_the_czechoslovak_legion_dynamic,CZE_revive_the_czechoslovak_legion_dynamic,CZE_intervene_in_the_ussr,25,5,4,,,yes
czechoslovakia_mu.txt,base,CZE_revive_the_czechoslovak_legion_dynamic,CZE_revive_the_czechoslovak_legion_dynamic,CZE_state_sponsored_recruitment_for_spain,5,5,1,,,no
czechoslovakia_mu.txt,base,CZE_revive_the_czechoslovak_legion_dynamic,CZE_revive_the_czechoslovak_legion_dynamic,CZE_profit_off_the_spanish_civil_war,5,5,1,,,no
czechoslovakia_mu.txt,base,CZE_claim_ukraine,,CZE_claim_ukraine,5,5,1,0,0,0,no
czechoslovakia_mu.txt,base,CZE_raise_more_industrial_funds,,CZE_raise_more_industrial_funds,840,5,113,0,7,32,no
czechoslovakia_mu.txt,base,CZE_raise_more_industrial_funds,CZE_raise_more_industrial_funds,CZE_continue_armed_force_reform,445,5,65,,,yes
czechoslovakia_mu.txt,base,CZE_raise_more_industrial_funds,CZE_raise_more_industrial_funds,CZE_continue_the_central_bohemia_plan,215,10,22,,,yes
czechoslovakia_mu.txt,base,CZE_raise_more_industrial_funds,CZE_raise_more_industrial_funds,CZE_balance_industrial_invevestments,205,5,22,,,yes
czechoslovakia_mu.txt,base,CZE_raise_more_industrial_funds,CZE_raise_more_industrial_funds,CZE_joint_stock_schemes,125,5,11,,,yes
czechoslovakia_mu.txt,base,CZE_raise_more_industrial_funds,CZE_raise_more_industrial_funds,CZE_keep_focus_on_weapon_exports,125,5,13,,,yes
czechoslovakia_mu.txt,base,CZE_raise_more_industrial_funds,CZE_raise_more_industrial_funds,CZE_kickstart_rapid_rearmanent,120,10,11,,,yes
czechoslovakia_mu.txt,base,CZE_raise_more_industrial_funds,CZE_raise_more_industrial_funds,CZE_the_slovak_arrow,25,5,4,,,yes
czechoslovakia_mu.txt,base,CZE_raise_more_industrial_funds,CZE_raise_more_industrial_funds,CZE_complete_the_power_grid,15,5,2,,,yes
czechoslovakia_mu.txt,base,CZE_raise_more_industrial_funds,CZE_raise_more_industrial_funds,CZE_devaluate_the_koruna,10,10,1,,,no
czechoslovakia_mu.txt,base,CZE_raise_more_industrial_funds,CZE_raise_more_industrial_funds,CZE_redirect_the_fortification_councils_funds,5,5,1,,,no
czechoslovakia_mu.txt,base,CZE_raise_more_industrial_funds,CZE_raise_more_industrial_funds,CZE_the_second_fortification_program,5,5,1,,,no
czechoslovakia_mu.txt,base,CZE_skoda_priority_shortcut_finder,,CZE_skoda_priority_shortcut_finder,10,10,1,0,0,0,no
denmark.txt,base,DEN_kanslergadeforliget,,DEN_kanslergadeforliget,215,5,23,0,6,11,no
denmark.txt,base,DEN_kanslergadeforliget,DEN_kanslergadeforliget,DEN_agricultural_subsidies,175,10,18,,,yes
denmark.txt,base,DEN_kanslergadeforliget,DEN_kanslergadeforliget,DEN_industrial_investments,165,10,17,,,yes
denmark.txt,base,DEN_kanslergadeforliget,DEN_kanslergadeforliget,DEN_devalue_the_krone,25,5,3,,,yes
denmark.txt,base,DEN_fortify_our_borders,,DEN_fortify_our_borders,190,5,20,0,6,10,no
denmark.txt,base,DEN_fortify_our_borders,DEN_fortify_our_borders,DEN_refortify_tunestillingen,175,10,18,,,yes
denmark.txt,base,DEN_fortify_our_borders,DEN_fortify_our_borders,DEN_build_a_modern_dannevirke,165,10,17,,,yes
denmark.txt,base,DEN_collaboration_government,,DEN_collaboration_government,260,5,35,0,7,10,no
denmark.txt,base,DEN_collaboration_government,DEN_collaboration_government,DEN_seek_independence,155,5,20,,,yes
denmark.txt,base,DEN_collaboration_government,DEN_collaboration_government,DEN_align_with_overlord,100,5,14,,,yes
denmark.txt,base,DEN_declare_neutrality,,DEN_declare_neutrality,585,5,78,0,9,36,no
denmark.txt,base,DEN_declare_neutrality,DEN_declare_neutrality,DEN_political_unity,300,5,38,,,yes
denmark.txt,base,DEN_declare_neutrality,DEN_declare_neutrality,DEN_unify_the_right,280,5,39,,,yes
denmark.txt,base,DEN_sign_forsvarsforliget,,DEN_sign_forsvarsforliget,300,5,34,0,7,17,no
denmark.txt,base,DEN_sign_forsvarsforliget,DEN_sign_forsvarsforliget,DEN_expand_vaernepligten,275,5,31,,,yes
denmark.txt,base,DEN_sign_forsvarsforliget,DEN_sign_forsvarsforliget,DEN_stockpile_oil,10,10,1,,,no
denmark.txt,base,DEN_sign_forsvarsforliget,DEN_sign_forsvarsforliget,DEN_sikkerhedspolitiet,10,10,1,,,no
estonia.txt,mod,EST_era_of_silence,,EST_era_of_silence,360,10,36,0,9,16,no
estonia.txt,mod,EST_era_of_silence,EST_era_of_silence,EST_ismaaliit,240,10,24,,,yes
estonia.txt,mod,EST_era_of_silence,EST_era_of_silence,EST_establish_the_rahvuskogu,240,10,24,,,yes
estonia.txt,mod,EST_era_of_silence,EST_era_of_silence,EST_fight_the_vaps,100,10,10,,,yes
estonia.txt,mod,EST_rally_the_nation,,EST_rally_the_nation,295,10,33,0,7,13,no
estonia.txt,mod,EST_rally_the_nation,EST_rally_the_nation,EST_march_on_talinn,285,5,32,,,yes
ethiopia.txt,mod,ETH_ecole_militaire_haile_selassie_1er,,ETH_ecole_militaire_haile_selassie_1er,290,5,30,0,5,10,no
ethiopia.txt,mod,ETH_ecole_militaire_haile_selassie_1er,ETH_ecole_militaire_haile_selassie_1er,ETH_expand_the_mehal_sefari,120,10,12,,,yes
ethiopia.txt,mod,ETH_ecole_militaire_haile_selassie_1er,ETH_ecole_militaire_haile_selassie_1er,ETH_keep_the_chitet,70,10,7,,,yes
ethiopia.txt,mod,ETH_ecole_militaire_haile_selassie_1er,ETH_ecole_militaire_haile_selassie_1er,ETH_the_ethiopian_air_force,50,10,5,,,yes
ethiopia.txt,mod,ETH_ecole_militaire_haile_selassie_1er,ETH_ecole_militaire_haile_selassie_1er,ETH_university_of_capital,30,10,3,,,yes
ethiopia.txt,mod,ETH_ecole_militaire_haile_selassie_1er,ETH_ecole_militaire_haile_selassie_1er,ETH_establish_a_naval_base,30,10,3,,,yes
ethiopia.txt,mod,ETH_ecole_militaire_haile_selassie_1er,ETH_ecole_militaire_haile_selassie_1er,ETH_scavenging_tactics,5,5,1,,,no
ethiopia.txt,mod,ETH_develop_the_capital_region,,ETH_develop_the_capital_region,240,10,27,0,7,12,no
ethiopia.txt,mod,ETH_develop_the_capital_region,ETH_develop_the_capital_region,ETH_state_owned_industry,115,10,14,,,yes
ethiopia.txt,mod,ETH_develop_the_capital_region,ETH_develop_the_capital_region,ETH_encourage_local_development,115,10,14,,,yes
ethiopia.txt,mod,ETH_develop_the_capital_region,ETH_develop_the_capital_region,ETH_infrastructure_projects,60,10,6,,,yes
ethiopia.txt,mod,ETH_develop_the_capital_region,ETH_develop_the_capital_region,ETH_the_state_bank_of_ethiopia,45,10,5,,,yes
ethiopia.txt,mod,ETH_the_second_italo,,ETH_the_second_italo,70,5,10,0,3,7,no
ethiopia.txt,mod,ETH_the_second_italo,ETH_the_second_italo,ETH_falling_back,40,5,5,,,yes
ethiopia.txt,mod,ETH_the_second_italo,ETH_the_second_italo,ETH_renewed_offensive,35,5,5,,,yes
ethiopia.txt,mod,ETH_rally_around_the_emperor,,ETH_rally_around_the_emperor,510,5,54,0,9,22,no
ethiopia.txt,mod,ETH_rally_around_the_emperor,ETH_rally_around_the_emperor,ETH_boarding_the_train,390,5,41,,,yes
ethiopia.txt,mod,ETH_rally_around_the_emperor,ETH_rally_around_the_emperor,ETH_the_emperor_stays,220,5,23,,,yes
ethiopia.txt,mod,ETH_military_communism,,ETH_military_communism,445,5,50,0,14,25,no
ethiopia.txt,mod,ETH_military_communism,ETH_military_communism,ETH_defending_our_homes,435,5,48,,,yes
ethiopia.txt,mod,ETH_military_communism,ETH_military_communism,ETH_anti_imperialist_agitation,435,5,48,,,yes
ethiopia.txt,mod,ETH_reach_out_to_the_italians,,ETH_reach_out_to_the_italians,300,5,32,0,11,10,no
ethiopia.txt,mod,ETH_reach_out_to_the_italians,ETH_reach_out_to_the_italians,ETH_sway_the_warlords,290,5,30,,,yes
ethiopia.txt,mod,ETH_reach_out_to_the_italians,ETH_reach_out_to_the_italians,ETH_expand_the_bodyguard,290,5,30,,,yes
finland.txt,mod,FIN_suomalainen_sosialismi,,FIN_suomalainen_sosialismi,345,5,42,0,6,16,no
finland.txt,mod,FIN_suomalainen_sosialismi,FIN_suomalainen_sosialismi,FIN_towards_a_red_government,290,5,33,,,yes
finland.txt,mod,FIN_suomalainen_sosialismi,FIN_suomalainen_sosialismi,FIN_social_democracy,125,5,16,,,yes
finland.txt,mod,FIN_finnish_neutrality,,FIN_finnish_neutrality,300,5,38,0,7,10,no
finland.txt,mod,FIN_finnish_neutrality,FIN_finnish_neutrality,FIN_reach_out_to_scandinavia,125,5,17,,,yes
finland.txt,mod,FIN_finnish_neutrality,FIN_finnish_neutrality,FIN_political_unity,95,10,11,,,yes
finland.txt,mod,FIN_finnish_neutrality,FIN_finnish_neutrality,FIN_national_unity,80,10,9,,,yes
finland.txt,mod,FIN_finnish_neutrality,FIN_finnish_neutrality,FIN_weapon_caches,5,5,1,,,no
finland.txt,mod,FIN_right_wing_policies,,FIN_right_wing_policies,215,5,25,0,6,8,no
finland.txt,mod,FIN_right_wing_policies,FIN_right_wing_policies,FIN_discredit_the_democratic_system,205,5,23,,,yes
finland.txt,mod,FIN_right_wing_policies,FIN_right_wing_policies,FIN_prepare_a_military_coup,205,5,23,,,yes
finland.txt,mod,FIN_enhance_southern_infrastructure,,FIN_enhance_southern_infrastructure,115,10,15,0,6,3,no
finland.txt,mod,FIN_enhance_southern_infrastructure,FIN_enhance_southern_infrastructure,FIN_industrial_development,105,10,14,,,yes
finland.txt,mod,FIN_industrial_upgrade_in_harjavalta,,FIN_industrial_upgrade_in_harjavalta,25,5,4,0,3,0,no
finland.txt,mod,FIN_industrial_upgrade_in_harjavalta,FIN_industrial_upgrade_in_harjavalta,FIN_expand_mining_prospection,20,5,3,,,yes
finland.txt,mod,FIN_outokumpu_for_defence_industry,,FIN_outokumpu_for_defence_industry,35,10,4,0,2,1,no
finland.txt,mod,FIN_outokumpu_for_defence_industry,FIN_outokumpu_for_defence_industry,FIN_integrate_oy_tikkakoski,20,10,2,,,yes
finland.txt,mod,FIN_outokumpu_for_defence_industry,FIN_outokumpu_for_defence_industry,FIN_oy_alkoholiliike,5,5,1,,,no
finland.txt,mod,FIN_increase_military_budget,,FIN_increase_military_budget,335,5,43,0,7,17,no
finland.txt,mod,FIN_increase_military_budget,FIN_increase_military_budget,FIN_suomen_maavoimat,135,10,19,,,yes
finland.txt,mod,FIN_increase_military_budget,FIN_increase_military_budget,FIN_suomen_ilmavoimat,100,10,11,,,yes
finland.txt,mod,FIN_increase_military_budget,FIN_increase_military_budget,FIN_suomen_merivoimat,95,10,12,,,yes
france.txt,mod,FRA_devalue_the_franc,,FRA_devalue_the_franc,130,10,15,0,4,5,no
france.txt,mod,FRA_devalue_the_franc,FRA_devalue_the_franc,FRA_invest_in_the_metropole,70,5,9,,,yes
france.txt,mod,FRA_devalue_the_franc,FRA_devalue_the_franc,FRA_invest_in_the_colonies,70,10,7,,,yes
france.txt,mod,FRA_devalue_the_franc,FRA_devalue_the_franc,FRA_autoroutes,10,10,1,,,no
france.txt,mod,FRA_begin_rearmament,,FRA_begin_rearmament,240,10,24,0,6,4,no
france.txt,mod,FRA_begin_rearmament,FRA_begin_rearmament,FRA_defensive_focus,140,10,14,,,yes
france.txt,mod,FRA_begin_rearmament,FRA_begin_rearmament,FRA_aggressive_focus,100,10,10,,,yes
france.txt,mod,FRA_form_the_popular_front,,FRA_form_the_popular_front,579,10,64,0,11,18,no
france.txt,mod,FRA_form_the_popular_front,FRA_form_the_popular_front,FRA_reform_the_labour_laws,284,10,31,,,yes
france.txt,mod,FRA_form_the_popular_front,FRA_form_the_popular_front,FRA_invite_communist_ministers,235,10,26,,,yes
france.txt,mod,FRA_form_the_popular_front,FRA_form_the_popular_front,FRA_leftist_rhetoric,40,10,4,,,yes
france.txt,mod,FRA_form_the_popular_front,FRA_form_the_popular_front,FRA_ban_the_leagues,5,5,1,,,no
france.txt,mod,FRA_form_the_popular_front,FRA_form_the_popular_front,FRA_intervention_in_spain,5,5,1,,,no
france.txt,mod,FRA_revive_the_national_bloc,,FRA_revive_the_national_bloc,444,10,60,0,9,17,no
france.txt,mod,FRA_revive_the_national_bloc,FRA_revive_the_national_bloc,FRA_utilize_the_leagues,299,10,45,,,yes
france.txt,mod,FRA_revive_the_national_bloc,FRA_revive_the_national_bloc,FRA_laissez_faire,60,10,6,,,yes
france.txt,mod,FRA_revive_the_national_bloc,FRA_revive_the_national_bloc,FRA_right_wing_rhetoric,60,10,6,,,yes
france.txt,mod,FRA_revive_the_national_bloc,FRA_revive_the_national_bloc,FRA_agricultural_protectionism,30,10,3,,,yes
france.txt,mod,FRA_revive_the_national_bloc,FRA_revive_the_national_bloc,FRA_ban_communism,5,5,1,,,no
france.txt,mod,FRA_naval_rearmament,,FRA_naval_rearmament,140,10,14,0,4,4,no
france.txt,mod,FRA_naval_rearmament,FRA_naval_rearmament,FRA_the_old_school,70,10,7,,,yes
france.txt,mod,FRA_naval_rearmament,FRA_naval_rearmament,FRA_the_young_school,50,10,5,,,yes
france.txt,mod,FRA_naval_rearmament,FRA_naval_rearmament,FRA_colonial_naval_bases,20,10,2,,,yes
france.txt,mod,FRA_air_focus,,FRA_air_focus,70,10,7,0,2,3,no
france.txt,mod,FRA_air_focus,FRA_air_focus,FRA_bomber_focus,40,10,4,,,yes
france.txt,mod,FRA_air_focus,FRA_air_focus,FRA_fighter_focus,30,10,3,,,yes
free_france.txt,mod,FRA_appeal_to_the_french_nation,,FRA_appeal_to_the_french_nation,160,5,17,0,5,5,no
free_france.txt,mod,FRA_appeal_to_the_french_nation,FRA_appeal_to_the_french_nation,FRA_appeal_to_overseas_territories,115,5,12,,,yes
free_france.txt,mod,FRA_appeal_to_the_french_nation,FRA_appeal_to_the_french_nation,FRA_continue_the_fight,40,10,4,,,yes
free_france.txt,mod,FRA_refus_absurde,,FRA_refus_absurde,90,10,9,0,4,2,no
free_france.txt,mod,FRA_refus_absurde,FRA_refus_absurde,FRA_reach_out_to_trade_unions,50,10,5,,,yes
free_france.txt,mod,FRA_refus_absurde,FRA_refus_absurde,FRA_connections_to_industrialists,50,10,5,,,yes
free_france.txt,mod,FRA_refus_absurde,FRA_refus_absurde,FRA_the_maquis,10,10,1,,,no
generic.txt,mod,army_effort,,army_effort,110,10,11,0,4,2,no
generic.txt,mod,army_effort,army_effort,motorization_effort,50,10,5,,,yes
generic.txt,mod,army_effort,army_effort,equipment_effort,40,10,4,,,yes
generic.txt,mod,army_effort,army_effort,doctrine_effort,30,10,3,,,yes
generic.txt,mod,aviation_effort,,aviation_effort,70,10,7,0,3,2,no
generic.txt,mod,aviation_effort,aviation_effort,fighter_focus,50,10,5,,,yes
generic.txt,mod,aviation_effort,aviation_effort,bomber_focus,50,10,5,,,yes
generic.txt,mod,naval_effort,,naval_effort,70,10,7,0,3,3,no
generic.txt,mod,naval_effort,naval_effort,flexible_navy,50,10,5,,,yes
generic.txt,mod,naval_effort,naval_effort,large_navy,50,10,5,,,yes
generic.txt,mod,industrial_effort,,industrial_effort,130,10,13,0,6,3,no
generic.txt,mod,industrial_effort,industrial_effort,construction_effort,90,10,9,,,yes
generic.txt,mod,industrial_effort,industrial_effort,production_effort,30,10,3,,,yes
generic.txt,mod,political_effort,,political_effort,190,10,19,0,7,3,no
generic.txt,mod,political_effort,political_effort,collectivist_ethos,110,10,11,,,yes
generic.txt,mod,political_effort,political_effort,liberty_ethos,80,10,8,,,yes
germany.txt,mod,GER_prioritize_economic_growth,,GER_prioritize_economic_growth,160,5,22,0,7,10,no
germany.txt,mod,GER_prioritize_economic_growth,GER_prioritize_economic_growth,GER_currency_reforms,120,5,15,,,yes
germany.txt,mod,GER_prioritize_economic_growth,GER_prioritize_economic_growth,GER_construct_the_reichsautobahn,45,5,7,,,yes
germany.txt,mod,GER_the_four_year_plan,,GER_the_four_year_plan,100,5,16,0,5,5,no
germany.txt,mod,GER_the_four_year_plan,GER_the_four_year_plan,GER_accelerate_the_rearmament_program,50,5,7,,,yes
germany.txt,mod,GER_the_four_year_plan,GER_the_four_year_plan,GER_autarky_efforts,45,5,8,,,yes
germany.txt,mod,GER_develop_modern_maneuver_warfare,,GER_develop_modern_maneuver_warfare,130,5,23,0,5,6,no
germany.txt,mod,GER_develop_modern_maneuver_warfare,GER_develop_modern_maneuver_warfare,GER_the_prussian_legacy,90,5,16,,,yes
germany.txt,mod,GER_develop_modern_maneuver_warfare,GER_develop_modern_maneuver_warfare,GER_adopt_new_panzer_doctrine,30,5,5,,,yes
germany.txt,mod,GER_develop_modern_maneuver_warfare,GER_develop_modern_maneuver_warfare,GER_fortify_the_vaterland,5,5,1,,,no
germany.txt,mod,GER_expanding_the_luftwaffe,,GER_expanding_the_luftwaffe,120,5,19,0,5,6,no
germany.txt,mod,GER_expanding_the_luftwaffe,GER_expanding_the_luftwaffe,GER_form_the_jagdwaffe,85,5,12,,,yes
germany.txt,mod,GER_expanding_the_luftwaffe,GER_expanding_the_luftwaffe,GER_aeronautical_research_institute,40,5,7,,,yes
germany.txt,mod,GER_expanding_the_luftwaffe,GER_expanding_the_luftwaffe,GER_fallschirmjager,5,5,1,,,no
germany.txt,mod,GER_strengthen_the_kriegsmarine,,GER_strengthen_the_kriegsmarine,110,5,17,0,4,4,no
germany.txt,mod,GER_strengthen_the_kriegsmarine,GER_strengthen_the_kriegsmarine,GER_plan_z,45,5,6,,,yes
germany.txt,mod,GER_strengthen_the_kriegsmarine,GER_strengthen_the_kriegsmarine,GER_trade_interdiction,40,5,7,,,yes
germany.txt,mod,GER_strengthen_the_kriegsmarine,GER_strengthen_the_kriegsmarine,GER_re_establish_the_seekriegsleitung,25,5,4,,,yes
germany.txt,mod,GER_remilitarize_the_rhineland,,GER_remilitarize_the_rhineland,631,5,117,0,11,36,no
germany.txt,mod,GER_remilitarize_the_rhineland,GER_remilitarize_the_rhineland,GER_heed_von_neuraths_concerns,362,5,53,,,yes
germany.txt,mod,GER_remilitarize_the_rhineland,GER_remilitarize_the_rhineland,GER_anti_comintern_pact,155,5,21,,,yes
germany.txt,mod,GER_remilitarize_the_rhineland,GER_remilitarize_the_rhineland,GER_reorganize_the_wehrmacht,45,5,6,,,yes
germany.txt,mod,GER_remilitarize_the_rhineland,GER_remilitarize_the_rhineland,GER_bribe_senior_officers,35,5,6,,,yes
germany.txt,mod,GER_remilitarize_the_rhineland,GER_remilitarize_the_rhineland,GER_fuhrerprinzip,29,5,30,,,yes
germany.txt,mod,GER_remilitarize_the_rhineland,GER_remilitarize_the_rhineland,GER_legion_condor,5,5,1,,,no
germany.txt,mod,GER_invade_italy,,GER_invade_italy,79,10,11,0,4,5,no
germany.txt,mod,GER_invade_italy,GER_invade_italy,GER_operation_sea_lion,39,5,6,,,yes
germany.txt,mod,GER_invade_italy,GER_invade_italy,GER_operation_felix,25,10,3,,,yes
germany.txt,mod,GER_invade_italy,GER_invade_italy,GER_alliance_with_spain,20,5,3,,,yes
germany.txt,mod,GER_oppose_hitler_ww,,GER_oppose_hitler_ww,1150,10,172,0,12,71,no
germany.txt,mod,GER_oppose_hitler_ww,GER_oppose_hitler_ww,GER_tend_to_the_future_of_germany,1120,2,167,,,yes
germany.txt,mod,GER_oppose_hitler_ww,GER_oppose_hitler_ww,GER_rally_the_nation,20,5,4,,,yes
germany.txt,mod,GER_oppose_hitler,,GER_oppose_hitler,468,10,51,0,10,13,no
germany.txt,mod,GER_oppose_hitler,GER_oppose_hitler,GER_secure_the_new_state,458,10,50,,,yes
greece.txt,mod,GRE_bring_home_the_exiled_republicans,,GRE_bring_home_the_exiled_republicans,325,10,35,0,10,8,no
greece.txt,mod,GRE_bring_home_the_exiled_republicans,GRE_bring_home_the_exiled_republicans,GRE_compromise_with_the_monarchists,160,5,17,,,yes
greece.txt,mod,GRE_bring_home_the_exiled_republicans,GRE_bring_home_the_exiled_republicans,GRE_request_communist_support,155,5,17,,,yes
greece.txt,mod,GRE_the_kings_government,,GRE_the_kings_government,320,5,36,0,10,10,no
greece.txt,mod,GRE_the_kings_government,GRE_the_kings_government,GRE_metaxism_focus,300,10,33,,,yes
greece.txt,mod,GRE_the_kings_government,GRE_the_kings_government,GRE_the_right_to_rule,230,10,25,,,yes
greece.txt,mod,GRE_reevaluating_the_drachma,,GRE_reevaluating_the_drachma,230,5,29,0,7,13,no
greece.txt,mod,GRE_reevaluating_the_drachma,GRE_reevaluating_the_drachma,GRE_utilize_our_strengths,115,10,15,,,yes
greece.txt,mod,GRE_reevaluating_the_drachma,GRE_reevaluating_the_drachma,GRE_force_the_farmers_into_factories,115,10,15,,,yes
greece.txt,mod,GRE_reevaluating_the_drachma,GRE_reevaluating_the_drachma,GRE_lignite_liquefaction,65,10,8,,,yes
greece.txt,mod,GRE_hellenic_armed_forces,,GRE_hellenic_armed_forces,245,10,26,0,6,6,no
greece.txt,mod,GRE_hellenic_armed_forces,GRE_hellenic_armed_forces,GRE_the_hellenic_army,85,5,9,,,yes
greece.txt,mod,GRE_hellenic_armed_forces,GRE_hellenic_armed_forces,GRE_the_hellenic_navy,85,5,9,,,yes
greece.txt,mod,GRE_hellenic_armed_forces,GRE_hellenic_armed_forces,GRE_the_hellenic_air_force,65,5,7,,,yes
horn_of_africa.txt,base,HOA_develop_capitalstate,,HOA_develop_capitalstate,160,10,16,0,7,6,no
horn_of_africa.txt,base,HOA_develop_capitalstate,HOA_develop_capitalstate,HOA_the_state_bank_of_name,120,10,12,,,yes
horn_of_africa.txt,base,HOA_develop_capitalstate,HOA_develop_capitalstate,HOA_pave_the_roads,30,10,3,,,yes
horn_of_africa.txt,base,HOA_the_adjective_armed_forces,,HOA_the_adjective_armed_forces,145,5,15,0,6,6,no
horn_of_africa.txt,base,HOA_the_adjective_armed_forces,HOA_the_adjective_armed_forces,HOA_warrior_tradition,140,10,14,,,yes
horn_of_africa.txt,base,HOA_the_first_album,,HOA_the_first_album,270,10,27,0,6,10,no
horn_of_africa.txt,base,HOA_the_first_album,HOA_the_first_album,HOA_political_stability,160,10,16,,,yes
horn_of_africa.txt,base,HOA_the_first_album,HOA_the_first_album,HOA_a_loyal_subject,100,10,10,,,yes
hungary.txt,base,HUN_balanced_budget,,HUN_balanced_budget,315,10,32,0,10,7,no
hungary.txt,base,HUN_balanced_budget,HUN_balanced_budget,HUN_strengthen_the_monarchists,305,10,31,,,yes
hungary.txt,base,HUN_economic_intervention,,HUN_economic_intervention,215,10,23,0,6,7,no
hungary.txt,base,HUN_economic_intervention,HUN_economic_intervention,HUN_strengthen_fascists,125,10,14,,,yes
hungary.txt,base,HUN_economic_intervention,HUN_economic_intervention,HUN_council_of_peoples_commissars,80,10,8,,,yes
hungary.txt,base,HUN_industrial_revitalization,,HUN_industrial_revitalization,210,10,21,0,9,6,no
hungary.txt,base,HUN_industrial_revitalization,HUN_industrial_revitalization,HUN_reintegrate_the_railroads,200,10,20,,,yes
hungary.txt,base,HUN_secret_rearmament,,HUN_secret_rearmament,375,10,38,0,7,11,no
hungary.txt,base,HUN_secret_rearmament,HUN_secret_rearmament,HUN_war_games,260,10,26,,,yes
hungary.txt,base,HUN_secret_rearmament,HUN_secret_rearmament,HUN_theoretical_air_efforts,260,10,26,,,yes
hungary.txt,base,HUN_secret_rearmament,HUN_secret_rearmament,HUN_naval_warfare,95,10,10,,,yes
hungary_wuw.txt,mod,wuw_HUN_end_the_regency,,wuw_HUN_end_the_regency,790,5,99,0,11,32,no
hungary_wuw.txt,mod,wuw_HUN_end_the_regency,wuw_HUN_end_the_regency,wuw_HUN_crack_down_on_radicals,780,5,97,,,yes
hungary_wuw.txt,mod,wuw_HUN_end_the_regency,wuw_HUN_end_the_regency,wuw_HUN_subvert_gombos_troops,780,5,97,,,yes
hungary_wuw.txt,mod,wuw_HUN_continue_the_regency,,wuw_HUN_continue_the_regency,360,5,47,0,11,16,no
hungary_wuw.txt,mod,wuw_HUN_continue_the_regency,wuw_HUN_continue_the_regency,wuw_HUN_undermine_the_admiral,280,5,36,,,yes
hungary_wuw.txt,mod,wuw_HUN_continue_the_regency,wuw_HUN_continue_the_regency,wuw_HUN_strengthen_horthys_reign,275,5,36,,,yes
hungary_wuw.txt,mod,wuw_HUN_end_the_white_terror,,wuw_HUN_end_the_white_terror,400,5,47,0,11,14,no
hungary_wuw.txt,mod,wuw_HUN_end_the_white_terror,wuw_HUN_end_the_white_terror,wuw_HUN_parade_istvan_bethlens_platform,395,5,46,,,yes
hungary_wuw.txt,mod,wuw_HUN_avoid_interventionalist_destablilization,,wuw_HUN_avoid_interventionalist_destablilization,330,10,37,0,7,9,no
hungary_wuw.txt,mod,wuw_HUN_avoid_interventionalist_destablilization,wuw_HUN_avoid_interventionalist_destablilization,wuw_HUN_reintigrate_the_imperial_railroads,320,10,36,,,yes
hungary_wuw.txt,mod,wuw_HUN_economic_intervention,,wuw_HUN_economic_intervention,335,10,38,0,7,10,no
hungary_wuw.txt,mod,wuw_HUN_economic_intervention,wuw_HUN_economic_intervention,wuw_HUN_reintigrate_the_imperial_railroads,320,10,36,,,yes
hungary_wuw.txt,mod,wuw_HUN_economic_intervention,wuw_HUN_economic_intervention,wuw_HUN_forcefully_revitalize_the_industries,5,5,1,,,no
hungary_wuw.txt,mod,wuw_HUN_secret_rearmament,,wuw_HUN_secret_rearmament,427,10,53,0,8,16,no
hungary_wuw.txt,mod,wuw_HUN_secret_rearmament,wuw_HUN_secret_rearmament,wuw_HUN_undercover_air_maneuvers,305,5,38,,,yes
hungary_wuw.txt,mod,wuw_HUN_secret_rearmament,wuw_HUN_secret_rearmament,wuw_HUN_hold_war_games,305,5,38,,,yes
hungary_wuw.txt,mod,wuw_HUN_secret_rearmament,wuw_HUN_secret_rearmament,wuw_HUN_reinstate_the_navy,100,5,11,,,yes
hungary_wuw.txt,mod,wuw_HUN_secret_rearmament,wuw_HUN_secret_rearmament,wuw_HUN_sailing_the_danube,5,5,1,,,no
hungary_wuw.txt,mod,wuw_HUN_secret_rearmament,wuw_HUN_secret_rearmament,wuw_HUN_support_for_our_finnish_brothers,2,2,1,,,no
iceland.txt,mod,ICE_expand_the_fishing_industry,,ICE_expand_the_fishing_industry,140,10,14,0,4,7,no
iceland.txt,mod,ICE_expand_the_fishing_industry,ICE_expand_the_fishing_industry,ICE_hydroelectric_power,120,10,12,,,yes
iceland.txt,mod,ICE_expand_the_fishing_industry,ICE_expand_the_fishing_industry,ICE_agricultural_expansion,10,10,1,,,no
iceland.txt,mod,ICE_mineral_prospecting,,ICE_mineral_prospecting,140,10,14,0,4,7,no
iceland.txt,mod,ICE_mineral_prospecting,ICE_mineral_prospecting,ICE_hydroelectric_power,120,10,12,,,yes
iceland.txt,mod,ICE_mineral_prospecting,ICE_mineral_prospecting,ICE_off_shore_oil_drilling,10,10,1,,,no
iceland.txt,mod,ICE_international_trade,,ICE_international_trade,30,10,3,0,2,0,no
iceland.txt,mod,ICE_international_trade,ICE_international_trade,ICE_banking_on_the_future,20,10,2,,,yes
iceland.txt,mod,ICE_the_kingdom_of_iceland,,ICE_the_kingdom_of_iceland,290,10,29,0,9,9,no
iceland.txt,mod,ICE_the_kingdom_of_iceland,ICE_the_kingdom_of_iceland,ICE_declare_absolute_neutrality,190,10,19,,,yes
iceland.txt,mod,ICE_the_kingdom_of_iceland,ICE_the_kingdom_of_iceland,ICE_united_we_stand,140,10,14,,,yes
iceland.txt,mod,ICE_not_our_king,,ICE_not_our_king,235,10,24,0,9,8,no
iceland.txt,mod,ICE_not_our_king,ICE_not_our_king,ICE_anti_capitalist_propaganda,190,10,19,,,yes
iceland.txt,mod,ICE_not_our_king,ICE_not_our_king,ICE_expand_the_industrial_base,185,10,19,,,yes
iceland.txt,mod,ICE_the_armed_forces_of_iceland,,ICE_the_armed_forces_of_iceland,170,10,17,0,6,8,no
iceland.txt,mod,ICE_the_armed_forces_of_iceland,ICE_the_armed_forces_of_iceland,ICE_an_airbase_in_the_sea,140,10,14,,,yes
iceland.txt,mod,ICE_the_armed_forces_of_iceland,ICE_the_armed_forces_of_iceland,ICE_a_naval_hub_in_the_atlantic,140,10,14,,,yes
india.txt,base,RAJ_provincial_elections,,RAJ_provincial_elections,260,10,26,0,6,8,no
india.txt,base,RAJ_provincial_elections,RAJ_provincial_elections,RAJ_swaraj,150,10,15,,,yes
india.txt,base,RAJ_provincial_elections,RAJ_provincial_elections,RAJ_indian_national_congress,110,10,11,,,yes
india.txt,base,RAJ_lessons_of_the_great_war,,RAJ_lessons_of_the_great_war,200,10,20,0,5,5,no
india.txt,base,RAJ_lessons_of_the_great_war,RAJ_lessons_of_the_great_war,RAJ_the_bangalore_torpedo,70,10,7,,,yes
india.txt,base,RAJ_lessons_of_the_great_war,RAJ_lessons_of_the_great_war,RAJ_vickers_berthier_gun,70,10,7,,,yes
india.txt,base,RAJ_lessons_of_the_great_war,RAJ_lessons_of_the_great_war,RAJ_indianisation_of_army,60,10,6,,,yes
india.txt,base,RAJ_lessons_of_the_great_war,RAJ_lessons_of_the_great_war,RAJ_british_pilot_training,60,10,6,,,yes
india.txt,base,RAJ_great_indian_peninsula_railway,,RAJ_great_indian_peninsula_railway,240,10,24,0,6,8,no
india.txt,base,RAJ_great_indian_peninsula_railway,RAJ_great_indian_peninsula_railway,RAJ_industrial_expansion,130,10,13,,,yes
india.txt,base,RAJ_great_indian_peninsula_railway,RAJ_great_indian_peninsula_railway,RAJ_east_india_railways,100,10,10,,,yes
india.txt,base,RAJ_found_scindia_shipyard,,RAJ_found_scindia_shipyard,70,10,7,0,4,3,no
india.txt,base,RAJ_found_scindia_shipyard,RAJ_found_scindia_shipyard,RAJ_royal_indian_navy,60,10,6,,,yes
india_goe.txt,base,RAJ_indianize_the_army,,RAJ_indianize_the_army,70,5,8,0,3,3,no
india_goe.txt,base,RAJ_indianize_the_army,RAJ_indianize_the_army,RAJ_forming_an_indian_doctrine,55,5,6,,,yes
india_goe.txt,base,RAJ_indianize_the_army,RAJ_indianize_the_army,RAJ_defense_of_india_act,10,10,1,,,no
india_goe.txt,base,RAJ_great_depression_price_controls,,RAJ_great_depression_price_controls,690,5,97,0,15,22,no
india_goe.txt,base,RAJ_great_depression_price_controls,RAJ_great_depression_price_controls,RAJ_look_to_the_future,405,5,58,,,yes
india_goe.txt,base,RAJ_great_depression_price_controls,RAJ_great_depression_price_controls,RAJ_look_to_the_past,270,5,36,,,yes
india_goe.txt,base,RAJ_great_depression_price_controls,RAJ_great_depression_price_controls,RAJ_trade_port,10,5,2,,,yes
india_goe.txt,base,RAJ_provincial_autonomy,,RAJ_provincial_autonomy,1250,5,172,0,17,48,no
india_goe.txt,base,RAJ_provincial_autonomy,RAJ_provincial_autonomy,RAJ_purna_swaraj,1230,0,168,,,yes
india_goe.txt,base,RAJ_provincial_autonomy,RAJ_provincial_autonomy,RAJ_trade_port,10,5,2,,,yes
india_goe.txt,base,RAJ_provincial_autonomy,RAJ_provincial_autonomy,RAJ_princely_states_policy,5,5,1,,,no
india_goe.txt,base,RAJ_his_majestys_loyal_government,,RAJ_his_majestys_loyal_government,385,5,51,0,8,20,no
india_goe.txt,base,RAJ_his_majestys_loyal_government,RAJ_his_majestys_loyal_government,RAJ_the_government_of_india_act,165,5,23,,,yes
india_goe.txt,base,RAJ_his_majestys_loyal_government,RAJ_his_majestys_loyal_government,RAJ_indian_gentleman_officers,155,5,19,,,yes
india_goe.txt,base,RAJ_his_majestys_loyal_government,RAJ_his_majestys_loyal_government,RAJ_expand_the_zamindari_system,85,5,11,,,yes
india_goe.txt,base,RAJ_keep_british_generals,,RAJ_keep_british_generals,50,5,7,0,3,3,no
india_goe.txt,base,RAJ_keep_british_generals,RAJ_keep_british_generals,RAJ_learn_from_the_crown,35,5,5,,,yes
india_goe.txt,base,RAJ_keep_british_generals,RAJ_keep_british_generals,RAJ_defense_of_india_act,10,10,1,,,no
india_goe.txt,base,RAJ_east_india_railways_dlc,,RAJ_east_india_railways_dlc,60,5,11,0,3,3,no
india_goe.txt,base,RAJ_east_india_railways_dlc,RAJ_east_india_railways_dlc,RAJ_great_indian_peninsula_railway_dlc,30,5,6,,,yes
india_goe.txt,base,RAJ_east_india_railways_dlc,RAJ_east_india_railways_dlc,RAJ_the_calcutta_line,10,10,1,,,no
india_goe.txt,base,RAJ_east_india_railways_dlc,RAJ_east_india_railways_dlc,RAJ_the_burma_road,10,5,2,,,yes
india_goe.txt,base,RAJ_east_india_railways_dlc,RAJ_east_india_railways_dlc,RAJ_assam_oil_dlc,5,5,1,,,no
india_goe.txt,base,RAJ_bombay_baroda_and_central_india_railway,,RAJ_bombay_baroda_and_central_india_railway,40,5,8,0,3,3,no
india_goe.txt,base,RAJ_bombay_baroda_and_central_india_railway,RAJ_bombay_baroda_and_central_india_railway,RAJ_great_indian_peninsula_railway_dlc,30,5,6,,,yes
india_goe.txt,base,RAJ_bombay_baroda_and_central_india_railway,RAJ_bombay_baroda_and_central_india_railway,RAJ_tata_steel_dlc,5,5,1,,,no
india_goe.txt,base,RAJ_ammunition_factory_khadki,,RAJ_ammunition_factory_khadki,50,5,9,0,3,4,no
india_goe.txt,base,RAJ_ammunition_factory_khadki,RAJ_ammunition_factory_khadki,RAJ_rifle_factory_ishapore_west_bengal,30,5,5,,,yes
india_goe.txt,base,RAJ_ammunition_factory_khadki,RAJ_ammunition_factory_khadki,RAJ_gun_and_shell_factory_cossipore,25,5,4,,,yes
india_goe.txt,base,RAJ_royal_indian_artillery_dlc,,RAJ_royal_indian_artillery_dlc,85,5,11,0,3,2,no
india_goe.txt,base,RAJ_royal_indian_artillery_dlc,RAJ_royal_indian_artillery_dlc,RAJ_armoured_corps_center_and_school,30,10,4,,,yes
india_goe.txt,base,RAJ_royal_indian_artillery_dlc,RAJ_royal_indian_artillery_dlc,RAJ_mountain_guns,25,10,3,,,yes
india_goe.txt,base,RAJ_royal_indian_artillery_dlc,RAJ_royal_indian_artillery_dlc,RAJ_specialized_dietary_requirement,15,10,2,,,yes
india_goe.txt,base,RAJ_royal_indian_artillery_dlc,RAJ_royal_indian_artillery_dlc,RAJ_standardized_rations,15,10,2,,,yes
india_goe.txt,base,RAJ_military_pensions,,RAJ_military_pensions,120,5,18,0,4,4,no
india_goe.txt,base,RAJ_military_pensions,RAJ_military_pensions,RAJ_frontier_corps,50,5,8,,,yes
india_goe.txt,base,RAJ_military_pensions,RAJ_military_pensions,RAJ_indian_army_corps_of_engineers,20,5,3,,,yes
india_goe.txt,base,RAJ_military_pensions,RAJ_military_pensions,RAJ_specialized_dietary_requirement,15,10,2,,,yes
india_goe.txt,base,RAJ_military_pensions,RAJ_military_pensions,RAJ_standardized_rations,15,10,2,,,yes
india_goe.txt,base,RAJ_military_pensions,RAJ_military_pensions,RAJ_indian_states_force,15,10,2,,,yes
india_goe.txt,base,RAJ_military_pensions,RAJ_military_pensions,RAJ_womens_auxiliary_corps,5,5,1,,,no
india_goe.txt,base,RAJ_local_recruitment_offices,,RAJ_local_recruitment_offices,70,5,10,0,4,3,no
india_goe.txt,base,RAJ_local_recruitment_offices,RAJ_local_recruitment_offices,RAJ_legacy_of_military_service,65,10,9,,,yes
india_goe.txt,base,RAJ_indian_air_force,,RAJ_indian_air_force,80,5,12,0,4,3,no
india_goe.txt,base,RAJ_indian_air_force,RAJ_indian_air_force,RAJ_trainer_planes,70,10,10,,,yes
india_goe.txt,base,RAJ_indian_air_force,RAJ_indian_air_force,RAJ_womens_auxiliary_air_force,5,5,1,,,no
india_goe.txt,base,RAJ_royal_indian_navy_dlc,,RAJ_royal_indian_navy_dlc,90,5,16,0,5,7,no
india_goe.txt,base,RAJ_royal_indian_navy_dlc,RAJ_royal_indian_navy_dlc,RAJ_expand_mazagon_dock_dlc,70,5,12,,,yes
india_goe.txt,base,RAJ_royal_indian_navy_dlc,RAJ_royal_indian_navy_dlc,RAJ_black_swan_sloops,70,5,12,,,yes
india_goe.txt,base,RAJ_royal_indian_navy_dlc,RAJ_royal_indian_navy_dlc,RAJ_indian_marine_corps,10,5,2,,,yes
indonesia.txt,mod,INS_underground_revolution,,INS_underground_revolution,645,0,87,0,8,26,no
indonesia.txt,mod,INS_underground_revolution,INS_underground_revolution,INS_the_declaration_of_independence,580,10,77,,,yes
indonesia.txt,mod,INS_underground_revolution,INS_underground_revolution,INS_infiltrate_the_army,40,5,5,,,yes
indonesia.txt,mod,INS_underground_revolution,INS_underground_revolution,INS_instigate_chaos_sulawesi,15,10,2,,,yes
indonesia.txt,mod,INS_underground_revolution,INS_underground_revolution,INS_volksraad_rumors,5,5,1,,,no
indonesia.txt,mod,INS_underground_revolution,INS_underground_revolution,INS_prepare_raiding_bases,5,5,1,,,no
indonesia.txt,mod,INS_recovering_from_the_great_depression,,INS_recovering_from_the_great_depression,265,5,32,0,3,9,no
indonesia.txt,mod,INS_recovering_from_the_great_depression,INS_recovering_from_the_great_depression,INS_realign_supply_chains,65,5,8,,,yes
indonesia.txt,mod,INS_recovering_from_the_great_depression,INS_recovering_from_the_great_depression,INS_developing_sumatra,55,10,7,,,yes
indonesia.txt,mod,INS_recovering_from_the_great_depression,INS_recovering_from_the_great_depression,INS_first_come_first_serve,55,5,6,,,yes
indonesia.txt,mod,INS_recovering_from_the_great_depression,INS_recovering_from_the_great_depression,INS_developing_java,45,5,5,,,yes
indonesia.txt,mod,INS_recovering_from_the_great_depression,INS_recovering_from_the_great_depression,INS_the_bangka_project,40,5,5,,,yes
indonesia.txt,mod,INS_the_jewel_in_the_crown,,INS_the_jewel_in_the_crown,120,0,16,0,4,4,no
indonesia.txt,mod,INS_the_jewel_in_the_crown,INS_the_jewel_in_the_crown,INS_governor_general_de_jonge,50,5,6,,,yes
indonesia.txt,mod,INS_the_jewel_in_the_crown,INS_the_jewel_in_the_crown,INS_governor_general_tjarda,35,5,5,,,yes
indonesia.txt,mod,INS_the_jewel_in_the_crown,INS_the_jewel_in_the_crown,INS_prioritize_dutch_companies,20,10,2,,,yes
indonesia.txt,mod,INS_the_jewel_in_the_crown,INS_the_jewel_in_the_crown,INS_subsidize_local_business,15,5,2,,,yes
indonesia.txt,mod,INS_the_jewel_in_the_crown,INS_the_jewel_in_the_crown,INS_prepare_for_policy_shift,10,10,1,,,no
indonesia.txt,mod,INS_resist_occupation,,INS_resist_occupation,65,0,8,0,3,2,no
indonesia.txt,mod,INS_resist_occupation,INS_resist_occupation,INS_east_indies_exile_government,35,5,4,,,yes
indonesia.txt,mod,INS_resist_occupation,INS_resist_occupation,INS_local_resistance,20,10,2,,,yes
indonesia.txt,mod,INS_resist_occupation,INS_resist_occupation,INS_silence_nationalists,10,10,1,,,no
indonesia.txt,mod,INS_defenders_of_homeland,,INS_defenders_of_homeland,30,0,5,0,2,1,no
indonesia.txt,mod,INS_defenders_of_homeland,INS_defenders_of_homeland,INS_japanese_resource_infrastructure,20,10,2,,,yes
indonesia.txt,mod,INS_defenders_of_homeland,INS_defenders_of_homeland,INS_embrace_co_prosp_sphere,5,5,1,,,no
indonesia.txt,mod,INS_defenders_of_homeland,INS_defenders_of_homeland,INS_seize_oppurtunity,5,5,1,,,no
iraq.txt,base,IRQ_decouple_from_the_pound,,IRQ_decouple_from_the_pound,172,10,19,0,3,4,no
iraq.txt,base,IRQ_decouple_from_the_pound,IRQ_decouple_from_the_pound,IRQ_strengthen_the_iraqi_dinar,77,5,8,,,yes
iraq.txt,base,IRQ_decouple_from_the_pound,IRQ_decouple_from_the_pound,IRQ_construct_the_kut_barrage,35,10,4,,,yes
iraq.txt,base,IRQ_decouple_from_the_pound,IRQ_decouple_from_the_pound,IRQ_baghdad_colleges_of_engineering_and_education,32,10,3,,,yes
iraq.txt,base,IRQ_decouple_from_the_pound,IRQ_decouple_from_the_pound,IRQ_purchase_foreign_equipment,25,5,3,,,yes
iraq.txt,base,IRQ_decouple_from_the_pound,IRQ_decouple_from_the_pound,IRQ_found_the_iraqi_state_railways,15,5,2,,,yes
iraq.txt,base,IRQ_nationalize_the_anglo_iraqi_oil_company,,IRQ_nationalize_the_anglo_iraqi_oil_company,35,10,4,0,2,1,no
iraq.txt,base,IRQ_nationalize_the_anglo_iraqi_oil_company,IRQ_nationalize_the_anglo_iraqi_oil_company,IRQ_expand_oil_production,15,10,2,,,yes
iraq.txt,base,IRQ_nationalize_the_anglo_iraqi_oil_company,IRQ_nationalize_the_anglo_iraqi_oil_company,IRQ_form_opec,10,10,1,,,no
iraq.txt,base,IRQ_anglo_iraqi_oil_expansion,,IRQ_anglo_iraqi_oil_expansion,35,10,4,0,2,1,no
iraq.txt,base,IRQ_anglo_iraqi_oil_expansion,IRQ_anglo_iraqi_oil_expansion,IRQ_expand_oil_production,15,10,2,,,yes
iraq.txt,base,IRQ_anglo_iraqi_oil_expansion,IRQ_anglo_iraqi_oil_expansion,IRQ_demand_greater_stake_in_the_company,10,10,1,,,no
iraq.txt,base,IRQ_royal_iraqi_army,,IRQ_royal_iraqi_army,260,10,31,0,5,11,no
iraq.txt,base,IRQ_royal_iraqi_army,IRQ_royal_iraqi_army,IRQ_infantry_focus,80,10,9,,,yes
iraq.txt,base,IRQ_royal_iraqi_army,IRQ_royal_iraqi_army,IRQ_modernization,80,5,9,,,yes
iraq.txt,base,IRQ_royal_iraqi_army,IRQ_royal_iraqi_army,IRQ_expand_habbaniya_airbase,80,5,9,,,yes
iraq.txt,base,IRQ_royal_iraqi_army,IRQ_royal_iraqi_army,IRQ_establish_iraqi_coastal_defense_force,60,10,7,,,yes
iraq.txt,base,IRQ_royal_iraqi_army,IRQ_royal_iraqi_army,IRQ_approach_tribes_for_support,5,5,1,,,no
iraq.txt,base,IRQ_royal_iraqi_army,IRQ_royal_iraqi_army,IRQ_invest_in_ordnance_mountain_howitzers,5,5,1,,,no
iraq.txt,base,IRQ_ensure_sunni_dominance,,IRQ_ensure_sunni_dominance,549,5,63,0,9,18,no
iraq.txt,base,IRQ_ensure_sunni_dominance,IRQ_ensure_sunni_dominance,IRQ_rally_behind_the_hashemite_dynasty,409,10,46,,,yes
iraq.txt,base,IRQ_ensure_sunni_dominance,IRQ_ensure_sunni_dominance,IRQ_party_of_national_brotherhood,294,10,34,,,yes
iraq.txt,base,IRQ_promote_kurdish_culture,,IRQ_promote_kurdish_culture,155,10,17,0,8,7,no
iraq.txt,base,IRQ_promote_kurdish_culture,IRQ_promote_kurdish_culture,IRQ_kurdish_democratic,140,10,15,,,yes
iraq.txt,base,IRQ_promote_kurdish_culture,IRQ_promote_kurdish_culture,IRQ_kurdish_socialist,135,5,15,,,yes
italy.txt,mod,ITA_ethiopian_war_logistics_bba,,ITA_ethiopian_war_logistics_bba,75,5,15,0,5,3,no
italy.txt,mod,ITA_ethiopian_war_logistics_bba,ITA_ethiopian_war_logistics_bba,ITA_ministry_of_italian_africa,70,5,14,,,yes
italy.txt,mod,ITA_italian_highways_bba,,ITA_italian_highways_bba,230,5,34,0,5,10,no
italy.txt,mod,ITA_italian_highways_bba,ITA_italian_highways_bba,ITA_ministry_of_italian_africa,70,5,14,,,yes
italy.txt,mod,ITA_italian_highways_bba,ITA_italian_highways_bba,ITA_railway_innovations,60,10,7,,,yes
italy.txt,mod,ITA_italian_highways_bba,ITA_italian_highways_bba,ITA_fiocchi_munizioni,60,5,9,,,yes
italy.txt,mod,ITA_italian_highways_bba,ITA_italian_highways_bba,ITA_steel_industry_in_terni,45,10,5,,,yes
italy.txt,mod,ITA_italian_highways_bba,ITA_italian_highways_bba,ITA_power_plants_in_terni,45,10,5,,,yes
italy.txt,mod,ITA_army_primacy_bba,,ITA_army_primacy_bba,135,5,17,0,5,6,no
italy.txt,mod,ITA_army_primacy_bba,ITA_army_primacy_bba,ITA_preserve_army_traditions,100,10,12,,,yes
italy.txt,mod,ITA_army_primacy_bba,ITA_army_primacy_bba,ITA_a_bandits_war,100,10,12,,,yes
italy.txt,mod,ITA_army_primacy_bba,ITA_army_primacy_bba,ITA_increase_artillery_production,15,10,2,,,yes
italy.txt,mod,ITA_air_innovations_bba,,ITA_air_innovations_bba,120,5,15,0,5,6,no
italy.txt,mod,ITA_air_innovations_bba,ITA_air_innovations_bba,ITA_citta_dell_aria,95,10,12,,,yes
italy.txt,mod,ITA_air_innovations_bba,ITA_air_innovations_bba,ITA_expand_rome_flying_school,30,10,4,,,yes
italy.txt,mod,ITA_naval_power_projection,,ITA_naval_power_projection,170,5,23,0,5,5,no
italy.txt,mod,ITA_naval_power_projection,ITA_naval_power_projection,ITA_expand_naval_facilities,150,5,20,,,yes
italy.txt,mod,ITA_naval_power_projection,ITA_naval_power_projection,ITA_intensify_torpedo_manufacturing,10,10,1,,,no
italy.txt,mod,ITA_naval_power_projection,ITA_naval_power_projection,ITA_oto_naval_guns,5,5,1,,,no
italy.txt,mod,ITA_the_abyssinian_fiasco,,ITA_the_abyssinian_fiasco,1319,5,204,0,14,65,no
italy.txt,mod,ITA_the_abyssinian_fiasco,ITA_the_abyssinian_fiasco,ITA_servizio_informazione_militare,1299,10,200,,,yes
italy.txt,mod,ITA_the_abyssinian_fiasco,ITA_the_abyssinian_fiasco,ITA_unite_the_opposition,426,5,66,,,yes
italy.txt,mod,ITA_solid_progress,,ITA_solid_progress,1304,5,201,0,14,63,no
italy.txt,mod,ITA_solid_progress,ITA_solid_progress,ITA_servizio_informazione_militare,1299,10,200,,,yes
italy.txt,mod,ITA_struggle_in_ethiopia,,ITA_struggle_in_ethiopia,1314,5,203,0,14,65,no
italy.txt,mod,ITA_struggle_in_ethiopia,ITA_struggle_in_ethiopia,ITA_servizio_informazione_militare,1299,10,200,,,yes
italy.txt,mod,ITA_struggle_in_ethiopia,ITA_struggle_in_ethiopia,ITA_undermine_the_duce,733,5,114,,,yes
italy.txt,mod,ITA_the_italian_liberation_war,,ITA_the_italian_liberation_war,50,5,10,0,6,3,no
italy.txt,mod,ITA_the_italian_liberation_war,ITA_the_italian_liberation_war,ITA_fronte_militare_clandestino,45,5,9,,,yes
italy.txt,mod,ITA_the_italian_social_republic,,ITA_the_italian_social_republic,45,5,9,0,5,1,no
italy.txt,mod,ITA_the_italian_social_republic,ITA_the_italian_social_republic,ITA_guardia_nazionale_repubblicana,40,5,8,,,yes
japan.txt,base,JAP_the_unthinkable_option,,JAP_the_unthinkable_option,155,10,17,0,6,6,no
japan.txt,base,JAP_the_unthinkable_option,JAP_the_unthinkable_option,JAP_exchange_the_exiles,135,10,15,,,yes
japan.txt,base,JAP_the_unthinkable_option,JAP_the_unthinkable_option,JAP_approach_the_young_officers,125,10,14,,,yes
japan.txt,base,JAP_strengthen_civilian_government,,JAP_strengthen_civilian_government,135,10,15,0,8,6,no
japan.txt,base,JAP_strengthen_civilian_government,JAP_strengthen_civilian_government,JAP_ally_with_the_zaibatsus,115,10,13,,,yes
japan.txt,base,JAP_strengthen_civilian_government,JAP_strengthen_civilian_government,JAP_research_spending,115,10,13,,,yes
japan.txt,base,JAP_support_the_kodoha_faction,,JAP_support_the_kodoha_faction,195,5,20,0,7,7,no
japan.txt,base,JAP_support_the_kodoha_faction,JAP_support_the_kodoha_faction,JAP_showa_restoration,100,10,10,,,yes
japan.txt,base,JAP_support_the_kodoha_faction,JAP_support_the_kodoha_faction,JAP_modern_shogunate,100,10,10,,,yes
japan.txt,base,JAP_support_the_kodoha_faction,JAP_support_the_kodoha_faction,JAP_challenge_the_zaibatsus,90,10,9,,,yes
japan.txt,base,JAP_okadas_military_purge_speech,,JAP_okadas_military_purge_speech,940,0,145,0,21,54,no
japan.txt,base,JAP_okadas_military_purge_speech,JAP_okadas_military_purge_speech,JAP_build_an_anti_army_coalition,870,5,133,,,yes
japan.txt,base,JAP_okadas_military_purge_speech,JAP_okadas_military_purge_speech,JAP_secretly_rebuild_the_party,855,10,131,,,yes
japan.txt,base,JAP_okadas_military_purge_speech,JAP_okadas_military_purge_speech,JAP_seek_yakuza_support,10,10,1,,,no
japan.txt,base,JAP_okadas_military_purge_speech,JAP_okadas_military_purge_speech,JAP_expand_the_metropolitan_police,5,5,1,,,no
japan.txt,base,JAP_revere_the_emperor_destroy_the_traitors,,JAP_revere_the_emperor_destroy_the_traitors,702,0,97,0,14,31,no
japan.txt,base,JAP_revere_the_emperor_destroy_the_traitors,JAP_revere_the_emperor_destroy_the_traitors,JAP_establish_the_gunbatsu,415,5,51,,,yes
japan.txt,base,JAP_revere_the_emperor_destroy_the_traitors,JAP_revere_the_emperor_destroy_the_traitors,JAP_revisit_the_thirteen_demands,125,3,21,,,yes
japan.txt,base,JAP_revere_the_emperor_destroy_the_traitors,JAP_revere_the_emperor_destroy_the_traitors,JAP_hokushin_ron,80,5,10,,,yes
japan.txt,base,JAP_revere_the_emperor_destroy_the_traitors,JAP_revere_the_emperor_destroy_the_traitors,JAP_nanshin_ron,77,5,13,,,yes
japan.txt,base,JAP_revere_the_emperor_destroy_the_traitors,JAP_revere_the_emperor_destroy_the_traitors,JAP_authorize_aid_to_ethiopia,5,5,1,,,no
japan.txt,base,JAP_sea_purge_the_kodoha_faction,,JAP_sea_purge_the_kodoha_faction,661,0,99,0,13,29,no
japan.txt,base,JAP_sea_purge_the_kodoha_faction,JAP_sea_purge_the_kodoha_faction,JAP_promulgate_the_military_ministers_system,364,5,52,,,yes
japan.txt,base,JAP_sea_purge_the_kodoha_faction,JAP_sea_purge_the_kodoha_faction,JAP_revisit_the_thirteen_demands,125,3,21,,,yes
japan.txt,base,JAP_sea_purge_the_kodoha_faction,JAP_sea_purge_the_kodoha_faction,JAP_hokushin_ron,80,5,10,,,yes
japan.txt,base,JAP_sea_purge_the_kodoha_faction,JAP_sea_purge_the_kodoha_faction,JAP_nanshin_ron,77,5,13,,,yes
japan.txt,base,JAP_sea_purge_the_kodoha_faction,JAP_sea_purge_the_kodoha_faction,JAP_east_asian_cooperative_society,10,10,1,,,no
japan.txt,base,JAP_sea_purge_the_kodoha_faction,JAP_sea_purge_the_kodoha_faction,JAP_imperial_headquarters_liasion_conference,5,5,1,,,no
japan.txt,base,JAP_the_koiso_cabinet,,JAP_the_koiso_cabinet,25,10,4,0,2,1,no
japan.txt,base,JAP_the_koiso_cabinet,JAP_the_koiso_cabinet,JAP_the_war_has_not_necessarily_developed_focus,15,5,3,,,yes
japan.txt,base,JAP_ministry_of_commerce_and_industry,,JAP_ministry_of_commerce_and_industry,250,5,34,0,7,14,no
japan.txt,base,JAP_ministry_of_commerce_and_industry,JAP_ministry_of_commerce_and_industry,JAP_continue_takahashi_korekiyos_policies,135,5,16,,,yes
japan.txt,base,JAP_ministry_of_commerce_and_industry,JAP_ministry_of_commerce_and_industry,JAP_increase_armament_spending,135,5,16,,,yes
japan.txt,base,JAP_ministry_of_commerce_and_industry,JAP_ministry_of_commerce_and_industry,JAP_ministry_of_colonial_affairs,105,5,16,,,yes
japan.txt,base,JAP_the_imperial_defense_plan,,JAP_the_imperial_defense_plan,438,3,61,0,9,32,no
japan.txt,base,JAP_the_imperial_defense_plan,JAP_the_imperial_defense_plan,JAP_expand_kawagoe_army_arsenal,190,5,24,,,yes
japan.txt,base,JAP_the_imperial_defense_plan,JAP_the_imperial_defense_plan,JAP_expand_hiratsuka_navy_arsenal,150,5,23,,,yes
japan.txt,base,JAP_the_imperial_defense_plan,JAP_the_imperial_defense_plan,JAP_establish_showa_aircraft_idnsutry,130,5,18,,,yes
latvia.txt,mod,LAT_suspend_the_constitution,,LAT_suspend_the_constitution,550,10,56,0,10,28,no
latvia.txt,mod,LAT_suspend_the_constitution,LAT_suspend_the_constitution,LAT_appease_democrats,290,10,29,,,yes
latvia.txt,mod,LAT_suspend_the_constitution,LAT_suspend_the_constitution,LAT_empower_paramilitarists,250,10,26,,,yes
lithuania.txt,mod,LIT_secure_a_loyal_cabinet,,LIT_secure_a_loyal_cabinet,750,10,81,0,10,31,no
lithuania.txt,mod,LIT_secure_a_loyal_cabinet,LIT_secure_a_loyal_cabinet,LIT_exile_voldemares,355,10,39,,,yes
lithuania.txt,mod,LIT_secure_a_loyal_cabinet,LIT_secure_a_loyal_cabinet,LIT_lithuanian_preservationism,335,10,37,,,yes
lithuania.txt,mod,LIT_secure_a_loyal_cabinet,LIT_secure_a_loyal_cabinet,LIT_rastikis_military_reforms,255,10,27,,,yes
lithuania.txt,mod,LIT_secure_a_loyal_cabinet,LIT_secure_a_loyal_cabinet,LIT_integrate_the_opposition,220,10,23,,,yes
lithuania.txt,mod,LIT_secure_a_loyal_cabinet,LIT_secure_a_loyal_cabinet,LIT_free_voldemares,200,10,20,,,yes
lithuania.txt,mod,LIT_the_nation_and_its_power,,LIT_the_nation_and_its_power,190,10,19,0,8,8,no
lithuania.txt,mod,LIT_the_nation_and_its_power,LIT_the_nation_and_its_power,LIT_presidential_reform,160,10,16,,,yes
lithuania.txt,mod,LIT_the_nation_and_its_power,LIT_the_nation_and_its_power,LIT_state_media,50,10,5,,,yes
manchukuo.txt,base,MAN_pacify_the_countryside,,MAN_pacify_the_countryside,460,10,46,0,10,14,no
manchukuo.txt,base,MAN_pacify_the_countryside,MAN_pacify_the_countryside,MAN_trade_delegation,220,10,22,,,yes
manchukuo.txt,base,MAN_pacify_the_countryside,MAN_pacify_the_countryside,MAN_army_modernization,210,10,21,,,yes
manchukuo.txt,base,MAN_pacify_the_countryside,MAN_pacify_the_countryside,MAN_invite_japanese_settlers,40,10,4,,,yes
manchukuo_TSR.txt,base,MAN_tsr_pacify_the_countryside,,MAN_tsr_pacify_the_countryside,735,5,87,0,13,30,no
manchukuo_TSR.txt,base,MAN_tsr_pacify_the_countryside,MAN_tsr_pacify_the_countryside,MAN_tsr_trade_delegation,425,5,49,,,yes
manchukuo_TSR.txt,base,MAN_tsr_pacify_the_countryside,MAN_tsr_pacify_the_countryside,MAN_tsr_army_modernization,290,5,35,,,yes
manchukuo_TSR.txt,base,MAN_tsr_pacify_the_countryside,MAN_tsr_pacify_the_countryside,MAN_tsr_invite_japanese_settlers,35,10,4,,,yes
mexico.txt,mod,MEX_focus_plan_of_agua_prieta,,MEX_focus_plan_of_agua_prieta,575,5,66,0,13,21,no
mexico.txt,mod,MEX_focus_plan_of_agua_prieta,MEX_focus_plan_of_agua_prieta,MEX_focus_exile_calles,460,5,52,,,yes
mexico.txt,mod,MEX_focus_plan_of_agua_prieta,MEX_focus_plan_of_agua_prieta,MEX_focus_jefe_maximo,445,5,49,,,yes
mexico.txt,mod,MEX_focus_plan_of_agua_prieta,MEX_focus_plan_of_agua_prieta,MEX_focus_legacy_of_revolution,270,10,31,,,yes
mexico.txt,mod,MEX_focus_plan_of_agua_prieta,MEX_focus_plan_of_agua_prieta,MEX_focus_ban_political_militias,265,10,29,,,yes
mexico.txt,mod,MEX_focus_national_bank,,MEX_focus_national_bank,470,5,61,0,14,12,no
mexico.txt,mod,MEX_focus_national_bank,MEX_focus_national_bank,MEX_focus_agricultural_credit_bank,305,5,38,,,yes
mexico.txt,mod,MEX_focus_national_bank,MEX_focus_national_bank,MEX_focus_liberalize_the_banking_sector,305,5,38,,,yes
mexico.txt,mod,MEX_focus_national_bank,MEX_focus_national_bank,MEX_focus_military_budget_review,120,5,14,,,yes
netherlands.txt,base,HOL_obtain_foreign_colonial_investments,,HOL_obtain_foreign_colonial_investments,215,10,23,0,8,9,no
netherlands.txt,base,HOL_obtain_foreign_colonial_investments,HOL_obtain_foreign_colonial_investments,HOL_the_crown_jewel_colony,160,10,17,,,yes
netherlands.txt,base,HOL_obtain_foreign_colonial_investments,HOL_obtain_foreign_colonial_investments,HOL_the_western_possessions,85,10,9,,,yes
netherlands.txt,base,HOL_obtain_foreign_colonial_investments_taog,,HOL_obtain_foreign_colonial_investments_taog,150,5,18,0,6,7,no
netherlands.txt,base,HOL_obtain_foreign_colonial_investments_taog,HOL_obtain_foreign_colonial_investments_taog,HOL_curtail_colonial_autonomy_taog,105,10,11,,,yes
netherlands.txt,base,HOL_obtain_foreign_colonial_investments_taog,HOL_obtain_foreign_colonial_investments_taog,HOL_the_western_possessions_taog,35,5,5,,,yes
netherlands.txt,base,HOL_obtain_foreign_colonial_investments_taog,HOL_obtain_foreign_colonial_investments_taog,HOL_taog_guarantee_colonial_loyalty,5,5,1,,,no
netherlands.txt,base,HOL_abandon_the_gold_standard,,HOL_abandon_the_gold_standard,515,10,53,0,9,19,no
netherlands.txt,base,HOL_abandon_the_gold_standard,HOL_abandon_the_gold_standard,HOL_overturn_military_budget_cuts,295,10,33,,,yes
netherlands.txt,base,HOL_abandon_the_gold_standard,HOL_abandon_the_gold_standard,HOL_continue_the_public_works,210,10,19,,,yes
netherlands.txt,base,HOL_form_new_government,,HOL_form_new_government,605,10,64,0,9,26,no
netherlands.txt,base,HOL_form_new_government,HOL_form_new_government,HOL_gateway_to_europe,595,10,63,,,yes
new_zealand.txt,base,NZL_transfer_the_new_zealand_division,,NZL_transfer_the_new_zealand_division,95,10,10,0,4,4,no
new_zealand.txt,base,NZL_transfer_the_new_zealand_division,NZL_transfer_the_new_zealand_division,NZL_form_the_rnzn,85,10,9,,,yes
new_zealand.txt,base,NZL_expand_the_nzpaf,,NZL_expand_the_nzpaf,100,10,10,0,5,5,no
new_zealand.txt,base,NZL_expand_the_nzpaf,NZL_expand_the_nzpaf,NZL_form_the_rnzaf,90,10,9,,,yes
new_zealand.txt,base,NZL_ministry_of_public_works,,NZL_ministry_of_public_works,135,10,15,0,5,3,no
new_zealand.txt,base,NZL_ministry_of_public_works,NZL_ministry_of_public_works,NZL_abolish_the_railways_board,50,5,6,,,yes
new_zealand.txt,base,NZL_ministry_of_public_works,NZL_ministry_of_public_works,NZL_national_roads_board,25,10,3,,,yes
new_zealand.txt,base,NZL_ministry_of_public_works,NZL_ministry_of_public_works,NZL_direct_the_coal_industry,20,10,2,,,yes
new_zealand.txt,base,NZL_ministry_of_public_works,NZL_ministry_of_public_works,NZL_electrification,10,10,1,,,no
new_zealand.txt,base,NZL_ministry_of_public_works,NZL_ministry_of_public_works,NZL_taranaki_oil,10,10,1,,,no
new_zealand.txt,base,NZL_ministry_of_public_works,NZL_ministry_of_public_works,NZL_women_in_the_workforce,10,10,1,,,no
new_zealand.txt,base,NZL_bureau_of_industry,,NZL_bureau_of_industry,120,10,13,0,5,3,no
new_zealand.txt,base,NZL_bureau_of_industry,NZL_bureau_of_industry,NZL_restart_the_onekaka_ironworks,70,5,8,,,yes
new_zealand.txt,base,NZL_bureau_of_industry,NZL_bureau_of_industry,NZL_wairarapa_sheep_farms,20,10,2,,,yes
new_zealand.txt,base,NZL_bureau_of_industry,NZL_bureau_of_industry,NZL_taranaki_oil,10,10,1,,,no
new_zealand.txt,base,NZL_bureau_of_industry,NZL_bureau_of_industry,NZL_women_in_the_workforce,10,10,1,,,no
new_zealand.txt,base,NZL_army_reforms,,NZL_army_reforms,80,10,8,0,4,1,no
new_zealand.txt,base,NZL_army_reforms,NZL_army_reforms,NZL_bob_semple_tank,40,10,4,,,yes
new_zealand.txt,base,NZL_army_reforms,NZL_army_reforms,NZL_charlton_automatic_rifle,30,10,3,,,yes
new_zealand.txt,base,NZL_the_first_labor_government,,NZL_the_first_labor_government,240,10,24,0,5,5,no
new_zealand.txt,base,NZL_the_first_labor_government,NZL_the_first_labor_government,NZL_statute_of_westminster,110,10,11,,,yes
new_zealand.txt,base,NZL_the_first_labor_government,NZL_the_first_labor_government,NZL_ratana_alliance,80,10,8,,,yes
new_zealand.txt,base,NZL_the_first_labor_government,NZL_the_first_labor_government,NZL_strengthen_the_commonwealth,40,10,4,,,yes
norway.txt,mod,NOR_a_resurgent_labor_movement,,NOR_a_resurgent_labor_movement,290,5,35,0,7,14,no
norway.txt,mod,NOR_a_resurgent_labor_movement,NOR_a_resurgent_labor_movement,NOR_prosecute_the_nkp,205,5,25,,,yes
norway.txt,mod,NOR_a_resurgent_labor_movement,NOR_a_resurgent_labor_movement,NOR_compromise_with_the_nkp,185,5,22,,,yes
norway.txt,mod,NOR_vote_of_no_confidence,,NOR_vote_of_no_confidence,355,5,43,0,9,17,no
norway.txt,mod,NOR_vote_of_no_confidence,NOR_vote_of_no_confidence,NOR_weathering_the_storm_to_come,210,5,26,,,yes
norway.txt,mod,NOR_vote_of_no_confidence,NOR_vote_of_no_confidence,NOR_liberal_conservative_alliance,115,5,14,,,yes
norway.txt,mod,NOR_vote_of_no_confidence,NOR_vote_of_no_confidence,NOR_consolidate_power,105,5,12,,,yes
norway.txt,mod,NOR_continue_nygaardsvold_government,,NOR_continue_nygaardsvold_government,275,5,34,0,9,13,no
norway.txt,mod,NOR_continue_nygaardsvold_government,NOR_continue_nygaardsvold_government,NOR_weathering_the_storm_to_come,210,5,26,,,yes
norway.txt,mod,NOR_continue_nygaardsvold_government,NOR_continue_nygaardsvold_government,NOR_broken_gun_policies,160,10,19,,,yes
norway.txt,mod,NOR_continue_nygaardsvold_government,NOR_continue_nygaardsvold_government,NOR_leaving_the_hard_thirties_behind,135,10,17,,,yes
norway.txt,mod,NOR_the_stumbling_storting,,NOR_the_stumbling_storting,536,5,64,0,12,25,no
norway.txt,mod,NOR_the_stumbling_storting,NOR_the_stumbling_storting,NOR_lurk_in_the_shadows,321,5,38,,,yes
norway.txt,mod,NOR_the_stumbling_storting,NOR_the_stumbling_storting,NOR_the_chamberlains_overture,250,5,29,,,yes
norway.txt,mod,NOR_start_rearmament,,NOR_start_rearmament,125,10,14,0,3,3,no
norway.txt,mod,NOR_start_rearmament,NOR_start_rearmament,NOR_drobak_coastal_fort,35,5,4,,,yes
norway.txt,mod,NOR_start_rearmament,NOR_start_rearmament,NOR_rikstanken,30,5,4,,,yes
norway.txt,mod,NOR_start_rearmament,NOR_start_rearmament,NOR_expand_Haeren,30,10,3,,,yes
norway.txt,mod,NOR_start_rearmament,NOR_start_rearmament,NOR_kickstart_military_industry,20,10,2,,,yes
norway.txt,mod,NOR_building_an_independent_norway,,NOR_building_an_independent_norway,155,10,16,0,5,5,no
norway.txt,mod,NOR_building_an_independent_norway,NOR_building_an_independent_norway,NOR_norwegian_school_of_economics,70,10,7,,,yes
norway.txt,mod,NOR_building_an_independent_norway,NOR_building_an_independent_norway,NOR_norges_tekniske_hogskole,65,10,7,,,yes
norway.txt,mod,NOR_building_an_independent_norway,NOR_building_an_independent_norway,NOR_hurtigruten,20,10,2,,,yes
norway.txt,mod,NOR_haerens_flyvevaaben,,NOR_haerens_flyvevaaben,140,10,14,0,4,5,no
norway.txt,mod,NOR_haerens_flyvevaaben,NOR_haerens_flyvevaaben,NOR_norwegian_planes,60,10,6,,,yes
norway.txt,mod,NOR_haerens_flyvevaaben,NOR_haerens_flyvevaaben,NOR_foreign_plane_designs,60,10,6,,,yes
norway.txt,mod,NOR_haerens_flyvevaaben,NOR_haerens_flyvevaaben,NOR_radar_research,20,10,2,,,yes
norway.txt,mod,NOR_haerens_flyvevaaben,NOR_haerens_flyvevaaben,NOR_pilot_training,20,10,2,,,yes
norway.txt,mod,NOR_the_royal_norwegian_navy,,NOR_the_royal_norwegian_navy,140,10,15,0,4,4,no
norway.txt,mod,NOR_the_royal_norwegian_navy,NOR_the_royal_norwegian_navy,NOR_expand_the_dockyards,60,10,7,,,yes
norway.txt,mod,NOR_the_royal_norwegian_navy,NOR_the_royal_norwegian_navy,NOR_battleship_focus,30,10,3,,,yes
norway.txt,mod,NOR_the_royal_norwegian_navy,NOR_the_royal_norwegian_navy,NOR_kystvakten,30,10,3,,,yes
norway.txt,mod,NOR_the_royal_norwegian_navy,NOR_the_royal_norwegian_navy,NOR_convert_merchant_ships,10,10,1,,,no
paraguay.txt,mod,PAR_fedrerista_land_reforms,,PAR_fedrerista_land_reforms,195,5,23,0,7,6,no
paraguay.txt,mod,PAR_fedrerista_land_reforms,PAR_fedrerista_land_reforms,PAR_military_pensions,130,5,15,,,yes
paraguay.txt,mod,PAR_fedrerista_land_reforms,PAR_fedrerista_land_reforms,PAR_ban_vouchers,25,5,3,,,yes
paraguay.txt,mod,PAR_fedrerista_land_reforms,PAR_fedrerista_land_reforms,PAR_allow_unions_to_strike,15,5,2,,,yes
paraguay.txt,mod,PAR_fedrerista_land_reforms,PAR_fedrerista_land_reforms,PAR_rebuild_humaita,10,10,1,,,no
paraguay.txt,mod,PAR_fedrerista_land_reforms,PAR_fedrerista_land_reforms,PAR_order_italian_planes,10,10,1,,,no
paraguay.txt,mod,PAR_fedrerista_land_reforms,PAR_fedrerista_land_reforms,PAR_urbanization,10,10,1,,,no
paraguay.txt,mod,PAR_reach_out_to_european_contacts,,PAR_reach_out_to_european_contacts,235,5,26,0,7,7,no
paraguay.txt,mod,PAR_reach_out_to_european_contacts,PAR_reach_out_to_european_contacts,PAR_a_call_out_for_aid,170,10,19,,,yes
paraguay.txt,mod,PAR_reach_out_to_european_contacts,PAR_reach_out_to_european_contacts,PAR_to_cross_a_river,20,10,2,,,yes
paraguay.txt,mod,PAR_reach_out_to_european_contacts,PAR_reach_out_to_european_contacts,PAR_rebuild_humaita,10,10,1,,,no
paraguay.txt,mod,PAR_reach_out_to_european_contacts,PAR_reach_out_to_european_contacts,PAR_request_weapons,10,10,1,,,no
paraguay.txt,mod,PAR_reach_out_to_european_contacts,PAR_reach_out_to_european_contacts,PAR_order_italian_planes,10,10,1,,,no
paraguay.txt,mod,PAR_reach_out_to_european_contacts,PAR_reach_out_to_european_contacts,PAR_urbanization,10,10,1,,,no
paraguay.txt,mod,PAR_a_great_charter,,PAR_a_great_charter,165,10,20,0,8,6,no
paraguay.txt,mod,PAR_a_great_charter,PAR_a_great_charter,PAR_pull_back_troops_from_the_chaco,150,10,18,,,yes
paraguay.txt,mod,PAR_a_great_charter,PAR_a_great_charter,PAR_invite_japanese_settlers,5,5,1,,,no
persia.txt,base,PER_modernizing_iran,,PER_modernizing_iran,205,5,28,0,5,11,no
persia.txt,base,PER_modernizing_iran,PER_modernizing_iran,PER_rapid_industrialization,75,10,9,,,yes
persia.txt,base,PER_modernizing_iran,PER_modernizing_iran,PER_white_revolution,60,10,7,,,yes
persia.txt,base,PER_modernizing_iran,PER_modernizing_iran,PER_trans_iranian_railway,45,5,8,,,yes
persia.txt,base,PER_modernizing_iran,PER_modernizing_iran,PER_adult_literacy,35,5,6,,,yes
persia.txt,base,PER_restructure_army,,PER_restructure_army,260,5,32,0,5,13,no
persia.txt,base,PER_restructure_army,PER_restructure_army,PER_foreign_retraining,100,5,11,,,yes
persia.txt,base,PER_restructure_army,PER_restructure_army,PER_expand_military_facilities,85,10,10,,,yes
persia.txt,base,PER_restructure_army,PER_restructure_army,PER_special_units,80,5,11,,,yes
persia.txt,base,PER_restructure_army,PER_restructure_army,PER_expand_imperial_guard,10,10,1,,,no
persia.txt,base,PER_establish_airforce,,PER_establish_airforce,100,5,13,0,5,5,no
persia.txt,base,PER_establish_airforce,PER_establish_airforce,PER_pilot_training,75,5,10,,,yes
persia.txt,base,PER_establish_airforce,PER_establish_airforce,PER_construct_air_bases,20,10,2,,,yes
persia.txt,base,PER_anti_air_development,,PER_anti_air_development,30,10,3,0,2,0,no
persia.txt,base,PER_anti_air_development,PER_anti_air_development,PER_air_superiority,20,10,2,,,yes
persia.txt,base,PER_establish_the_navy,,PER_establish_the_navy,100,5,11,0,6,4,no
persia.txt,base,PER_establish_the_navy,PER_establish_the_navy,PER_officers_to_italy,80,10,8,,,yes
persia.txt,base,PER_establish_the_navy,PER_establish_the_navy,PER_construct_naval_bases,75,10,8,,,yes
persia.txt,base,PER_the_pahlavi_imperium,,PER_the_pahlavi_imperium,520,5,76,0,10,23,no
persia.txt,base,PER_the_pahlavi_imperium,PER_the_pahlavi_imperium,PER_legacy_of_greatness,365,5,54,,,yes
persia.txt,base,PER_the_pahlavi_imperium,PER_the_pahlavi_imperium,PER_stand_with_giants,150,5,21,,,yes
persia.txt,base,PER_fight_for_iran,,PER_fight_for_iran,170,0,23,0,8,10,no
persia.txt,base,PER_fight_for_iran,PER_fight_for_iran,PER_dig_and_defend,145,5,17,,,yes
persia.txt,base,PER_fight_for_iran,PER_fight_for_iran,PER_force_them_back,25,5,5,,,yes
persia.txt,base,PER_rally_the_reformers,,PER_rally_the_reformers,625,5,88,0,14,38,no
persia.txt,base,PER_rally_the_reformers,PER_rally_the_reformers,PER_stage_mass_protests,615,5,86,,,yes
persia.txt,base,PER_rally_the_reformers,PER_rally_the_reformers,PER_propagate_political_literature,615,5,86,,,yes
philippines.txt,base,PHI_commonwealth_of_the_philippines,,PHI_commonwealth_of_the_philippines,650,10,76,0,14,33,no
philippines.txt,base,PHI_commonwealth_of_the_philippines,PHI_commonwealth_of_the_philippines,PHI_align_with_the_usa,630,10,74,,,yes
philippines.txt,base,PHI_commonwealth_of_the_philippines,PHI_commonwealth_of_the_philippines,PHI_align_with_japan,630,10,74,,,yes
philippines.txt,base,PHI_united_states_army_forces_in_the_far_east,,PHI_united_states_army_forces_in_the_far_east,100,5,17,0,7,4,no
philippines.txt,base,PHI_united_states_army_forces_in_the_far_east,PHI_united_states_army_forces_in_the_far_east,PHI_appoint_macarthur,95,5,16,,,yes
philippines.txt,base,PHI_declare_military_emergency,,PHI_declare_military_emergency,70,10,10,0,5,3,no
philippines.txt,base,PHI_declare_military_emergency,PHI_declare_military_emergency,PHI_weapons_of_war,60,10,9,,,yes
philippines.txt,base,PHI_subject_surrender,,PHI_subject_surrender,115,10,12,0,4,2,no
philippines.txt,base,PHI_subject_surrender,PHI_subject_surrender,PHI_soldiers_in_hiding,50,10,5,,,yes
philippines.txt,base,PHI_subject_surrender,PHI_subject_surrender,PHI_hukbalahap,40,10,4,,,yes
philippines.txt,base,PHI_subject_surrender,PHI_subject_surrender,PHI_local_resistance,40,10,4,,,yes
philippines.txt,base,PHI_subject_surrender,PHI_subject_surrender,PHI_i_shall_return,35,5,4,,,yes
philippines.txt,base,PHI_aguinaldos_coup,,PHI_aguinaldos_coup,130,10,14,0,7,4,no
philippines.txt,base,PHI_aguinaldos_coup,PHI_aguinaldos_coup,PHI_secure_japanese_guarantees,120,5,13,,,yes
philippines.txt,base,PHI_petition_the_supreme_court,,PHI_petition_the_supreme_court,140,10,16,0,8,4,no
philippines.txt,base,PHI_petition_the_supreme_court,PHI_petition_the_supreme_court,PHI_legalize_the_communist_party,130,10,15,,,yes
philippines.txt,base,PHI_national_defense_act,,PHI_national_defense_act,240,35,24,0,5,5,no
philippines.txt,base,PHI_national_defense_act,PHI_national_defense_act,PHI_philippine_scouts,80,10,8,,,yes
philippines.txt,base,PHI_national_defense_act,PHI_national_defense_act,PHI_militarize_the_constabulary,80,10,8,,,yes
philippines.txt,base,PHI_national_defense_act,PHI_national_defense_act,PHI_army_air_corps,70,10,7,,,yes
philippines.txt,base,PHI_national_defense_act,PHI_national_defense_act,PHI_war_plan_orange,30,5,5,,,yes
philippines.txt,base,PHI_national_defense_act,PHI_national_defense_act,PHI_beach_defense_strategy,30,5,5,,,yes
philippines.txt,base,PHI_offshore_patrol,,PHI_offshore_patrol,100,10,10,0,5,2,no
philippines.txt,base,PHI_offshore_patrol,PHI_offshore_patrol,PHI_pt_boat_development,70,10,7,,,yes
philippines.txt,base,PHI_offshore_patrol,PHI_offshore_patrol,PHI_marine_corps,10,10,1,,,no
philippines.txt,base,PHI_offshore_patrol,PHI_offshore_patrol,PHI_cavite_naval_base,10,10,1,,,no
poland.txt,mod,POL_the_four_year_plan,,POL_the_four_year_plan,175,5,20,0,5,5,no
poland.txt,mod,POL_the_four_year_plan,POL_the_four_year_plan,POL_central_region_strategy,130,5,15,,,yes
poland.txt,mod,POL_the_four_year_plan,POL_the_four_year_plan,POL_fill_the_railways_gaps,55,10,6,,,yes
poland.txt,mod,POL_the_four_year_plan,POL_the_four_year_plan,POL_additional_research_slot1,10,10,1,,,no
poland.txt,mod,POL_prepare_for_the_next_war,,POL_prepare_for_the_next_war,380,5,41,0,8,12,no
poland.txt,mod,POL_prepare_for_the_next_war,POL_prepare_for_the_next_war,POL_new_military_academy,195,10,20,,,yes
poland.txt,mod,POL_prepare_for_the_next_war,POL_prepare_for_the_next_war,POL_plan_west,100,10,11,,,yes
poland.txt,mod,POL_prepare_for_the_next_war,POL_prepare_for_the_next_war,POL_plan_east,90,10,10,,,yes
poland.txt,mod,POL_complete_april_constitution,,POL_complete_april_constitution,270,10,37,0,9,10,no
poland.txt,mod,POL_complete_april_constitution,POL_complete_april_constitution,POL_polish_militarism,260,5,36,,,yes
poland.txt,mod,POL_restore_the_sejm,,POL_restore_the_sejm,140,10,14,0,4,5,no
poland.txt,mod,POL_restore_the_sejm,POL_restore_the_sejm,POL_internationalism,130,10,13,,,yes
poland.txt,mod,POL_organize_the_peasants_strike,,POL_organize_the_peasants_strike,355,10,40,0,12,18,no
poland.txt,mod,POL_organize_the_peasants_strike,POL_organize_the_peasants_strike,POL_woo_morges_staff,345,10,39,,,yes
poland.txt,mod,POL_morges_pact,,POL_morges_pact,120,10,12,0,4,4,no
poland.txt,mod,POL_morges_pact,POL_morges_pact,POL_anti_fascist_military,50,10,5,,,yes
poland.txt,mod,POL_morges_pact,POL_morges_pact,POL_morges_economic_union,30,10,3,,,yes
poland.txt,mod,POL_morges_pact,POL_morges_pact,POL_press_for_liberia,30,10,3,,,yes
poland.txt,mod,POL_assemble_the_regency_council,,POL_assemble_the_regency_council,690,5,72,0,11,30,no
poland.txt,mod,POL_assemble_the_regency_council,POL_assemble_the_regency_council,POL_fulfil_fifth_of_november,675,5,70,,,yes
poland.txt,mod,POL_assemble_the_regency_council,POL_assemble_the_regency_council,POL_seek_an_alliance_with_kaiser,10,10,1,,,no
poland.txt,mod,POL_nationalist_constitution,,POL_nationalist_constitution,315,10,35,0,11,20,no
poland.txt,mod,POL_nationalist_constitution,POL_nationalist_constitution,POL_integrate_the_falanga,295,5,32,,,yes
poland.txt,mod,POL_nationalist_constitution,POL_nationalist_constitution,POL_integrate_the_endecja,295,5,32,,,yes
poland.txt,mod,POL_the_between_the_seas_concept,,POL_the_between_the_seas_concept,80,10,15,0,4,4,no
poland.txt,mod,POL_the_between_the_seas_concept,POL_the_between_the_seas_concept,POL_the_mediterranean,35,5,7,,,yes
poland.txt,mod,POL_the_between_the_seas_concept,POL_the_between_the_seas_concept,POL_the_north_sea,25,5,5,,,yes
poland.txt,mod,POL_the_between_the_seas_concept,POL_the_between_the_seas_concept,POL_the_baltic_alliance,10,5,2,,,yes
poland.txt,mod,POL_prepare_for_the_inevitable,,POL_prepare_for_the_inevitable,120,10,12,0,2,3,no
poland.txt,mod,POL_prepare_for_the_inevitable,POL_prepare_for_the_inevitable,POL_expand_polish_intelligence,50,10,5,,,yes
poland.txt,mod,POL_prepare_for_the_inevitable,POL_prepare_for_the_inevitable,POL_foreign_air_support,30,10,3,,,yes
poland.txt,mod,POL_prepare_for_the_inevitable,POL_prepare_for_the_inevitable,POL_resistance_industries,20,10,2,,,yes
poland.txt,mod,POL_prepare_for_the_inevitable,POL_prepare_for_the_inevitable,POL_foreign_naval_support,10,10,1,,,no
poland.txt,mod,POL_expand_polish_intelligence_no_mtg,,POL_expand_polish_intelligence_no_mtg,50,10,5,0,1,1,no
poland.txt,mod,POL_expand_polish_intelligence_no_mtg,POL_expand_polish_intelligence_no_mtg,POL_niech_zyje_opor_no_mtg,10,10,1,,,no
poland.txt,mod,POL_expand_polish_intelligence_no_mtg,POL_expand_polish_intelligence_no_mtg,POL_the_long_push_home_no_mtg,10,10,1,,,no
poland.txt,mod,POL_expand_polish_intelligence_no_mtg,POL_expand_polish_intelligence_no_mtg,POL_the_bombe_no_mtg,10,10,1,,,no
poland.txt,mod,POL_expand_polish_intelligence_no_mtg,POL_expand_polish_intelligence_no_mtg,POL_the_cyclometer_no_mtg,10,10,1,,,no
poland.txt,mod,POL_develop_polish_ship_building,,POL_develop_polish_ship_building,120,10,12,0,5,4,no
poland.txt,mod,POL_develop_polish_ship_building,POL_develop_polish_ship_building,POL_attract_poles_to_gdynia,100,10,10,,,yes
poland.txt,mod,POL_develop_polish_ship_building,POL_develop_polish_ship_building,POL_study_foreign_built_ships,100,10,10,,,yes
poland.txt,mod,POL_clamp_down_on_danzig,,POL_clamp_down_on_danzig,130,5,14,0,5,6,no
poland.txt,mod,POL_clamp_down_on_danzig,POL_clamp_down_on_danzig,POL_ban_the_nazi_party,105,5,11,,,yes
poland.txt,mod,POL_clamp_down_on_danzig,POL_clamp_down_on_danzig,POL_study_foreign_built_ships,100,10,10,,,yes
portugal.txt,mod,POR_colonial_assimilation_policy,,POR_colonial_assimilation_policy,43,3,9,0,4,2,no
portugal.txt,mod,POR_colonial_assimilation_policy,POR_colonial_assimilation_policy,POR_infrastructure_in_angola,25,5,5,,,yes
portugal.txt,mod,POR_colonial_assimilation_policy,POR_colonial_assimilation_policy,POR_colonial_army,10,5,2,,,yes
portugal.txt,mod,POR_colonial_assimilation_policy,POR_colonial_assimilation_policy,POR_luso_tropicalism,5,5,1,,,no
portugal.txt,mod,POR_continue_the_public_works,,POR_continue_the_public_works,190,5,21,0,6,5,no
portugal.txt,mod,POR_continue_the_public_works,POR_continue_the_public_works,POR_instituto_superior_tecnico,165,10,18,,,yes
portugal.txt,mod,POR_continue_the_public_works,POR_continue_the_public_works,POR_food_industries,20,10,2,,,yes
portugal.txt,mod,POR_second_navy_reequipment,,POR_second_navy_reequipment,150,10,13,0,5,2,no
portugal.txt,mod,POR_second_navy_reequipment,POR_second_navy_reequipment,POR_arsenal_do_alfeite,80,20,6,,,yes
portugal.txt,mod,POR_second_navy_reequipment,POR_second_navy_reequipment,POR_a_powerful_merchant_marine,50,10,5,,,yes
portugal.txt,mod,POR_second_navy_reequipment,POR_second_navy_reequipment,POR_submarine_effort,40,10,4,,,yes
portugal.txt,mod,POR_army_reorganization,,POR_army_reorganization,100,10,10,0,5,2,no
portugal.txt,mod,POR_army_reorganization,POR_army_reorganization,POR_metropolitan_army,60,10,6,,,yes
portugal.txt,mod,POR_army_reorganization,POR_army_reorganization,POR_corpo_do_estado_maior,30,10,3,,,yes
portugal.txt,mod,POR_popular_front,,POR_popular_front,280,10,28,0,6,9,no
portugal.txt,mod,POR_popular_front,POR_popular_front,POR_support_the_spanish_republic,100,10,10,,,yes
portugal.txt,mod,POR_popular_front,POR_popular_front,POR_strict_neutrality_in_the_spanish_civil_war,90,10,9,,,yes
portugal.txt,mod,POR_popular_front,POR_popular_front,POR_nation_in_arms,80,10,8,,,yes
portugal.txt,mod,POR_securing_the_free_world,,POR_securing_the_free_world,10,10,1,0,0,0,no
portugal.txt,mod,POR_estado_novo,,POR_estado_novo,410,10,41,0,7,13,no
portugal.txt,mod,POR_estado_novo,POR_estado_novo,POR_support_the_spanish_nationalists,270,10,27,,,yes
portugal.txt,mod,POR_estado_novo,POR_estado_novo,POR_a_royal_wedding,150,10,15,,,yes
romania.txt,mod,ROM_start_ind,,ROM_start_ind,75,5,12,0,4,2,no
romania.txt,mod,ROM_start_ind,ROM_start_ind,ROM_buldind_plans,70,5,11,,,yes
romania.txt,mod,ROM_preserve_greater_romania,,ROM_preserve_greater_romania,270,10,29,0,8,10,no
romania.txt,mod,ROM_preserve_greater_romania,ROM_preserve_greater_romania,ROM_civil_works,80,10,10,,,yes
romania.txt,mod,ROM_preserve_greater_romania,ROM_preserve_greater_romania,ROM_national_defense_industry,80,10,10,,,yes
romania.txt,mod,ROM_preserve_greater_romania,ROM_preserve_greater_romania,ROM_trade_treaty_with_germany,60,10,6,,,yes
romania.txt,mod,ROM_preserve_greater_romania,ROM_preserve_greater_romania,ROM_renew_the_romanian_polish_alliance,60,10,6,,,yes
romania.txt,mod,ROM_preserve_greater_romania,ROM_preserve_greater_romania,ROM_a_deal_with_the_devil,50,10,5,,,yes
romania.txt,mod,ROM_balkans_dominance,,ROM_balkans_dominance,70,10,7,0,3,2,no
romania.txt,mod,ROM_balkans_dominance,ROM_balkans_dominance,ROM_puppet_bulgaria,40,10,4,,,yes
romania.txt,mod,ROM_balkans_dominance,ROM_balkans_dominance,ROM_align_hungary,20,10,2,,,yes
romania.txt,mod,ROM_institute_royal_dictatorship,,ROM_institute_royal_dictatorship,140,10,19,0,6,4,no
romania.txt,mod,ROM_institute_royal_dictatorship,ROM_institute_royal_dictatorship,ROM_revise_the_constitution,100,10,13,,,yes
romania.txt,mod,ROM_institute_royal_dictatorship,ROM_institute_royal_dictatorship,ROM_fortify_the_borders,25,10,4,,,yes
romania.txt,mod,ROM_institute_royal_dictatorship,ROM_institute_royal_dictatorship,ROM_crack_down_on_extremism,5,5,1,,,no
romania.txt,mod,ROM_expand_the_air_force,,ROM_expand_the_air_force,135,10,14,0,4,4,no
romania.txt,mod,ROM_expand_the_air_force,ROM_expand_the_air_force,ROM_local_development,70,10,7,,,yes
romania.txt,mod,ROM_expand_the_air_force,ROM_expand_the_air_force,ROM_acquire_licenses,50,10,5,,,yes
romania.txt,mod,ROM_expand_the_air_force,ROM_expand_the_air_force,ROM_white_squadron_focus,5,5,1,,,no
romania.txt,mod,ROM_army_maneuvers,,ROM_army_maneuvers,130,10,13,0,5,4,no
romania.txt,mod,ROM_army_maneuvers,ROM_army_maneuvers,ROM_army_war_college,80,10,8,,,yes
romania.txt,mod,ROM_army_maneuvers,ROM_army_maneuvers,ROM_royal_guards_divisions,60,10,6,,,yes
romania.txt,mod,ROM_expand_the_galati_shipyards,,ROM_expand_the_galati_shipyards,37,5,10,0,3,3,no
romania.txt,mod,ROM_expand_the_galati_shipyards,ROM_expand_the_galati_shipyards,ROM_coastal_defense_navy,23,5,6,,,yes
romania.txt,mod,ROM_expand_the_galati_shipyards,ROM_expand_the_galati_shipyards,ROM_black_sea_dominance,9,5,3,,,yes
siam.txt,base,SIA_the_khana_ratsadon,,SIA_the_khana_ratsadon,616,1,98,0,17,30,no
siam.txt,base,SIA_the_khana_ratsadon,SIA_the_khana_ratsadon,SIA_shuffle_pridi_to_the_minister_of_interior,470,5,73,,,yes
siam.txt,base,SIA_the_khana_ratsadon,SIA_the_khana_ratsadon,SIA_for_the_preservation_of_siamese_independence,200,5,33,,,yes
siam.txt,base,SIA_industrialization_drive,,SIA_industrialization_drive,310,5,44,0,10,14,no
siam.txt,base,SIA_industrialization_drive,SIA_industrialization_drive,SIA_asian_financial_compact,300,5,42,,,yes
siam.txt,base,SIA_industrialization_drive,SIA_industrialization_drive,SIA_revision_of_unequal_treaties,300,5,42,,,yes
siam.txt,base,SIA_the_army_of_siam,,SIA_the_army_of_siam,95,5,18,0,3,4,no
siam.txt,base,SIA_the_army_of_siam,SIA_the_army_of_siam,SIA_plan_for_a_short_war,20,5,4,,,yes
siam.txt,base,SIA_the_army_of_siam,SIA_the_army_of_siam,SIA_intermediate_war_preparation,20,5,4,,,yes
siam.txt,base,SIA_the_army_of_siam,SIA_the_army_of_siam,SIA_prepare_for_a_long_war,20,5,4,,,yes
siam.txt,base,SIA_the_army_of_siam,SIA_the_army_of_siam,SIA_specialized_warfare,20,5,3,,,yes
siam.txt,base,SIA_the_army_of_siam,SIA_the_army_of_siam,SIA_unconventional_tank_construction,20,5,4,,,yes
siam.txt,base,SIA_the_army_of_siam,SIA_the_army_of_siam,SIA_artillery_reigns_supreme,15,5,3,,,yes
siam.txt,base,SIA_the_army_of_siam,SIA_the_army_of_siam,SIA_conventional_tank_construction,15,5,3,,,yes
siam.txt,base,SIA_reluctant_submission,,SIA_reluctant_submission,70,5,14,0,4,4,no
siam.txt,base,SIA_reluctant_submission,SIA_reluctant_submission,SIA_seri_thai,35,5,7,,,yes
siam.txt,base,SIA_reluctant_submission,SIA_reluctant_submission,SIA_the_phayap_army,30,5,6,,,yes
siam.txt,base,SIA_standing_our_ground,,SIA_standing_our_ground,36,5,7,0,3,1,no
siam.txt,base,SIA_standing_our_ground,SIA_standing_our_ground,SIA_ask_for_the_release_of_american_commodities,20,5,3,,,yes
siam.txt,base,SIA_standing_our_ground,SIA_standing_our_ground,SIA_japanese_fighters,20,5,3,,,yes
siam.txt,base,SIA_standing_our_ground,SIA_standing_our_ground,SIA_get_off_our_shores,1,1,1,,,no
siam.txt,base,SIA_royal_thai_navy,,SIA_royal_thai_navy,80,5,15,0,3,3,no
siam.txt,base,SIA_royal_thai_navy,SIA_royal_thai_navy,SIA_the_thonburi_dockyard_project,30,5,6,,,yes
siam.txt,base,SIA_royal_thai_navy,SIA_royal_thai_navy,SIA_focus_on_commercial_civilian_ships,25,10,4,,,yes
siam.txt,base,SIA_royal_thai_navy,SIA_royal_thai_navy,SIA_acquire_submarines,10,5,2,,,yes
siam.txt,base,SIA_royal_thai_navy,SIA_royal_thai_navy,SIA_direct_army_fundings_towards_the_navy,5,5,1,,,no
siam.txt,base,SIA_royal_thai_navy,SIA_royal_thai_navy,SIA_thonburi_class_coastal_defense_ship,5,5,1,,,no
south_africa.txt,mod,SAF_war_measures_act,,SAF_war_measures_act,100,10,10,0,4,2,no
south_africa.txt,mod,SAF_war_measures_act,SAF_war_measures_act,SAF_csir,50,10,5,,,yes
south_africa.txt,mod,SAF_war_measures_act,SAF_war_measures_act,SAF_emergency_workers,40,10,4,,,yes
south_africa.txt,mod,SAF_outlaw_strikes,,SAF_outlaw_strikes,10,10,1,0,0,0,no
south_africa.txt,mod,SAF_support_the_policy_of_appeasement,,SAF_support_the_policy_of_appeasement,110,10,11,0,4,4,no
south_africa.txt,mod,SAF_support_the_policy_of_appeasement,SAF_support_the_policy_of_appeasement,SAF_police_windhoek,70,10,7,,,yes
south_africa.txt,mod,SAF_support_the_policy_of_appeasement,SAF_support_the_policy_of_appeasement,SAF_csir,50,10,5,,,yes
south_africa.txt,mod,SAF_abandon_westminster,,SAF_abandon_westminster,275,10,28,0,7,12,no
south_africa.txt,mod,SAF_abandon_westminster,SAF_abandon_westminster,SAF_empower_the_workers,145,10,15,,,yes
south_africa.txt,mod,SAF_abandon_westminster,SAF_abandon_westminster,SAF_support_the_afrikaner_broederbond,120,10,12,,,yes
south_africa.txt,mod,SAF_south_african_railways,,SAF_south_african_railways,60,5,12,0,7,4,no
south_africa.txt,mod,SAF_south_african_railways,SAF_south_african_railways,SAF_expand_the_mining_industry,50,5,10,,,yes
south_africa.txt,mod,SAF_south_african_railways,SAF_south_african_railways,SAF_heavy_engineering,50,5,10,,,yes
south_africa.txt,mod,SAF_special_service_battalion,,SAF_special_service_battalion,100,10,10,0,6,6,no
south_africa.txt,mod,SAF_special_service_battalion,SAF_special_service_battalion,SAF_improve_the_three_oh_three,80,10,8,,,yes
south_africa.txt,mod,SAF_special_service_battalion,SAF_special_service_battalion,SAF_q_services_corps,80,10,8,,,yes
south_africa.txt,mod,SAF_commit_to_the_five_year_plan,,SAF_commit_to_the_five_year_plan,70,10,7,0,4,3,no
south_africa.txt,mod,SAF_commit_to_the_five_year_plan,SAF_commit_to_the_five_year_plan,SAF_improve_the_hawker_hartbees,50,10,5,,,yes
south_africa.txt,mod,SAF_commit_to_the_five_year_plan,SAF_commit_to_the_five_year_plan,SAF_replace_the_blenheim,50,10,5,,,yes
south_africa.txt,mod,SAF_seaward_defence_force,,SAF_seaward_defence_force,80,10,8,0,4,2,no
south_africa.txt,mod,SAF_seaward_defence_force,SAF_seaward_defence_force,SAF_protect_the_trade,60,10,6,,,yes
south_africa.txt,mod,SAF_seaward_defence_force,SAF_seaward_defence_force,SAF_disrupt_the_trade,60,10,6,,,yes
soviet.txt,mod,SOV_infrastructure_effort_nsb,,SOV_infrastructure_effort_nsb,205,5,26,0,7,10,no
soviet.txt,mod,SOV_infrastructure_effort_nsb,SOV_infrastructure_effort_nsb,SOV_finish_the_five_year_plan,200,10,25,,,yes
soviet.txt,mod,SOV_heavy_industry,,SOV_heavy_industry,205,5,26,0,7,10,no
soviet.txt,mod,SOV_heavy_industry,SOV_heavy_industry,SOV_finish_the_five_year_plan,200,10,25,,,yes
soviet.txt,mod,SOV_transpolar_flights,,SOV_transpolar_flights,140,5,15,0,4,5,no
soviet.txt,mod,SOV_transpolar_flights,SOV_transpolar_flights,SOV_expand_the_aircraft_industry,95,10,10,,,yes
soviet.txt,mod,SOV_transpolar_flights,SOV_transpolar_flights,SOV_foster_flying_clubs,90,10,9,,,yes
soviet.txt,mod,SOV_expand_the_red_fleet,,SOV_expand_the_red_fleet,118,5,17,0,4,6,no
soviet.txt,mod,SOV_expand_the_red_fleet,SOV_expand_the_red_fleet,SOV_pc_of_the_ussr_navy,95,5,10,,,yes
soviet.txt,mod,SOV_expand_the_red_fleet,SOV_expand_the_red_fleet,SOV_reinforce_western_naval_bases,42,2,6,,,yes
soviet.txt,mod,SOV_expand_the_red_fleet,SOV_expand_the_red_fleet,SOV_reinforce_northern_naval_bases,42,2,6,,,yes
soviet.txt,mod,SOV_expand_the_red_fleet,SOV_expand_the_red_fleet,SOV_reinforce_southern_naval_bases,42,2,6,,,yes
soviet.txt,mod,SOV_expand_the_red_fleet,SOV_expand_the_red_fleet,SOV_reinforce_eastern_naval_bases,42,2,6,,,yes
soviet.txt,mod,SOV_found_the_pcdi,,SOV_found_the_pcdi,160,5,19,0,4,8,no
soviet.txt,mod,SOV_found_the_pcdi,SOV_found_the_pcdi,SOV_pc_of_mechanical_engineering,90,10,10,,,yes
soviet.txt,mod,SOV_found_the_pcdi,SOV_found_the_pcdi,SOV_military_engineering_university,90,5,11,,,yes
soviet.txt,mod,SOV_strengthen_the_mobilization_plan,,SOV_strengthen_the_mobilization_plan,230,5,29,0,5,13,no
soviet.txt,mod,SOV_strengthen_the_mobilization_plan,SOV_strengthen_the_mobilization_plan,SOV_restore_cossack_units,120,5,14,,,yes
soviet.txt,mod,SOV_strengthen_the_mobilization_plan,SOV_strengthen_the_mobilization_plan,SOV_cohesion_first,120,5,14,,,yes
soviet.txt,mod,SOV_strengthen_the_mobilization_plan,SOV_strengthen_the_mobilization_plan,SOV_desperate_measures,100,5,12,,,yes
soviet.txt,mod,SOV_strengthen_the_mobilization_plan,SOV_strengthen_the_mobilization_plan,SOV_military_engineering_university,90,5,11,,,yes
soviet.txt,mod,SOV_the_path_of_marxism_leninism,,SOV_the_path_of_marxism_leninism,951,5,151,0,12,48,no
soviet.txt,mod,SOV_the_path_of_marxism_leninism,SOV_the_path_of_marxism_leninism,SOV_the_comintern,291,5,43,,,yes
soviet.txt,mod,SOV_the_path_of_marxism_leninism,SOV_the_path_of_marxism_leninism,SOV_the_right_opposition,268,5,42,,,yes
soviet.txt,mod,SOV_the_path_of_marxism_leninism,SOV_the_path_of_marxism_leninism,SOV_the_left_opposition,262,5,40,,,yes
soviet.txt,mod,SOV_the_path_of_marxism_leninism,SOV_the_path_of_marxism_leninism,SOV_addressing_internal_affairs,90,5,12,,,yes
soviet.txt,mod,SOV_the_path_of_marxism_leninism,SOV_the_path_of_marxism_leninism,SOV_the_centre,88,5,25,,,yes
soviet.txt,mod,SOV_beaten_but_not_defeated,,SOV_beaten_but_not_defeated,515,5,100,0,16,28,no
soviet.txt,mod,SOV_beaten_but_not_defeated,SOV_beaten_but_not_defeated,SOV_unification_of_the_exiles,480,10,93,,,yes
soviet.txt,mod,SOV_beaten_but_not_defeated,SOV_beaten_but_not_defeated,SOV_article_124,360,5,76,,,yes
spain.txt,mod,SPA_a_great_spain,,SPA_a_great_spain,1192,5,142,0,18,40,no
spain.txt,mod,SPA_a_great_spain,SPA_a_great_spain,SPA_hand_over_the_ceda_campaign_chest,1187,5,141,,,yes
spain.txt,mod,SPR_the_popular_front,,SPR_the_popular_front,1136,5,139,0,18,55,no
spain.txt,mod,SPR_the_popular_front,SPR_the_popular_front,SPR_secure_the_guardia_de_asalto,1121,10,137,,,yes
spain.txt,mod,SPR_the_popular_front,SPR_the_popular_front,SPR_secure_the_guardia_civil,1121,10,137,,,yes
sweden.txt,mod,SWE_defense_act,,SWE_defense_act,1401,5,168,0,13,63,no
sweden.txt,mod,SWE_defense_act,SWE_defense_act,SWE_the_old_enemy_stirs,565,5,64,,,yes
sweden.txt,mod,SWE_defense_act,SWE_defense_act,SWE_continue_the_second_industrial_revolution,425,10,50,,,yes
sweden.txt,mod,SWE_defense_act,SWE_defense_act,SWE_government_weapons_contract,381,5,48,,,yes
sweden.txt,mod,SWE_defense_act,SWE_defense_act,SWE_urbanization,135,10,17,,,yes
switzerland.txt,mod,SWI_economi,,SWI_economi,15,5,3,0,2,0,no
switzerland.txt,mod,SWI_economi,SWI_economi,SWI_slot,10,5,2,,,yes
switzerland.txt,mod,SWI_swiss_guiding_principles,,SWI_swiss_guiding_principles,1340,5,160,0,15,53,no
switzerland.txt,mod,SWI_swiss_guiding_principles,SWI_swiss_guiding_principles,SWI_increase_defense_budget,1330,5,158,,,yes
switzerland.txt,mod,SWI_swiss_guiding_principles,SWI_swiss_guiding_principles,SWI_national_defense_fund,1330,5,158,,,yes
turkey.txt,base,TUR_the_montreux_convention,,TUR_the_montreux_convention,1640,10,181,0,26,74,no
turkey.txt,base,TUR_the_montreux_convention,TUR_the_montreux_convention,TUR_continue_the_policy_of_etatism,1625,10,179,,,yes
turkey.txt,base,TUR_the_montreux_convention,TUR_the_montreux_convention,TUR_fully_integrate_the_is_bank,1620,5,179,,,yes
turkey.txt,base,TUR_learning_from_the_great_war,,TUR_learning_from_the_great_war,105,5,14,0,6,4,no
turkey.txt,base,TUR_learning_from_the_great_war,TUR_learning_from_the_great_war,TUR_modernising_the_army,100,5,13,,,yes
turkey.txt,base,TUR_hava_okulu,,TUR_hava_okulu,85,5,12,0,6,3,no
turkey.txt,base,TUR_hava_okulu,TUR_hava_okulu,TUR_expand_the_air_bases,80,5,11,,,yes
uk.txt,mod,ENG_ind,,ENG_ind,35,5,6,0,2,1,no
uk.txt,mod,ENG_ind,ENG_ind,ENG_scotland,15,5,2,,,yes
uk.txt,mod,ENG_ind,ENG_ind,ENG_england,15,5,2,,,yes
uk.txt,mod,ENG_ind,ENG_ind,ENG_yels,15,5,2,,,yes
uk.txt,mod,ENG_ind,ENG_ind,ENG_north,15,5,2,,,yes
uk.txt,mod,crypto_bomb_focus,,crypto_bomb_focus,40,10,4,0,3,0,no
uk.txt,mod,crypto_bomb_focus,crypto_bomb_focus,tizard_mission_focus,30,10,3,,,yes
uk.txt,mod,limited_rearmament_focus,,limited_rearmament_focus,295,10,36,0,5,9,no
uk.txt,mod,limited_rearmament_focus,limited_rearmament_focus,general_rearmament_focus,180,10,23,,,yes
uk.txt,mod,limited_rearmament_focus,limited_rearmament_focus,shadow_scheme_focus,65,10,7,,,yes
uk.txt,mod,limited_rearmament_focus,limited_rearmament_focus,air_defense_focus,20,10,2,,,yes
uk.txt,mod,limited_rearmament_focus,limited_rearmament_focus,ENG_motorized_focus,10,5,2,,,yes
uk.txt,mod,limited_rearmament_focus,limited_rearmament_focus,ENG_expand_the_secret_intelligence_service_focus,10,10,1,,,no
uk.txt,mod,uk_empire_focus,,uk_empire_focus,305,10,35,0,7,7,no
uk.txt,mod,uk_empire_focus,uk_empire_focus,uk_service_focus,295,10,34,,,yes
uk.txt,mod,ENG_revisit_colonial_policy,,ENG_revisit_colonial_policy,58,10,13,0,5,3,no
uk.txt,mod,ENG_revisit_colonial_policy,ENG_revisit_colonial_policy,ENG_guide_the_colonies,48,5,12,,,yes
uk.txt,mod,ENG_steady_as_she_goes,,ENG_steady_as_she_goes,275,5,28,0,5,6,no
uk.txt,mod,ENG_steady_as_she_goes,ENG_steady_as_she_goes,ENG_home_defence,170,10,17,,,yes
uk.txt,mod,ENG_steady_as_she_goes,ENG_steady_as_she_goes,ENG_global_defense,120,10,12,,,yes
uk.txt,mod,ENG_a_change_in_course,,ENG_a_change_in_course,405,5,45,0,7,17,no
uk.txt,mod,ENG_a_change_in_course,ENG_a_change_in_course,ENG_concessions_to_the_trade_unions,175,10,19,,,yes
uk.txt,mod,ENG_a_change_in_course,ENG_a_change_in_course,ENG_organize_the_blackshirts,170,10,20,,,yes
uk.txt,mod,ENG_a_change_in_course,ENG_a_change_in_course,ENG_the_kings_party,160,10,18,,,yes
uruguay.txt,base,URG_terras_dictatorship,,URG_terras_dictatorship,180,5,26,0,8,7,no
uruguay.txt,base,URG_terras_dictatorship,URG_terras_dictatorship,URG_statism,95,5,13,,,yes
uruguay.txt,base,URG_terras_dictatorship,URG_terras_dictatorship,URG_prohibition_of_usury,75,10,11,,,yes
uruguay.txt,base,URG_terras_dictatorship,URG_terras_dictatorship,URG_womens_vote,5,5,1,,,no
uruguay.txt,base,URG_colorado_victory,,URG_colorado_victory,60,5,12,0,4,4,no
uruguay.txt,base,URG_colorado_victory,URG_colorado_victory,URG_declare_neutrality,35,5,7,,,yes
uruguay.txt,base,URG_colorado_victory,URG_colorado_victory,URG_a_new_constitution,10,5,2,,,yes
uruguay.txt,base,URG_colorado_victory,URG_colorado_victory,URG_legacy_of_batlle,5,5,1,,,no
uruguay.txt,base,URG_colorado_victory,URG_colorado_victory,URG_legalize_the_pool,5,5,1,,,no
uruguay.txt,base,URG_blanco_victory,,URG_blanco_victory,35,5,7,0,3,2,no
uruguay.txt,base,URG_blanco_victory,URG_blanco_victory,URG_traditionalism,25,5,5,,,yes
uruguay.txt,base,URG_blanco_victory,URG_blanco_victory,URG_herrerismo,15,5,3,,,yes
usa.txt,mod,USA_continue_the_new_deal,,USA_continue_the_new_deal,345,10,45,0,7,13,no
usa.txt,mod,USA_continue_the_new_deal,USA_continue_the_new_deal,USA_suspend_the_presecution,150,10,20,,,yes
usa.txt,mod,USA_continue_the_new_deal,USA_continue_the_new_deal,USA_limited_intervention,85,10,12,,,yes
usa.txt,mod,USA_continue_the_new_deal,USA_continue_the_new_deal,USA_neutrality_act,70,10,8,,,yes
usa.txt,mod,USA_continue_the_new_deal,USA_continue_the_new_deal,USA_wpa,40,10,6,,,yes
usa.txt,mod,USA_reestablish_the_gold_standard,,USA_reestablish_the_gold_standard,221,10,31,0,8,8,no
usa.txt,mod,USA_reestablish_the_gold_standard,USA_reestablish_the_gold_standard,USA_america_first,186,10,25,,,yes
usa.txt,mod,USA_reestablish_the_gold_standard,USA_reestablish_the_gold_standard,USA_adjusted_compensation_act,45,5,7,,,yes
usa.txt,mod,USA_war_plans_division,,USA_war_plans_division,120,10,21,0,4,5,no
usa.txt,mod,USA_war_plans_division,USA_war_plans_division,USA_intervention_in_europe,60,5,10,,,yes
usa.txt,mod,USA_war_plans_division,USA_war_plans_division,USA_intervention_in_the_americas,30,5,6,,,yes
usa.txt,mod,USA_war_plans_division,USA_war_plans_division,USA_intervention_in_asia,20,5,4,,,yes
usa.txt,mod,USA_war_department,,USA_war_department,264,10,40,0,5,9,no
usa.txt,mod,USA_war_department,USA_war_department,USA_selective_training_act,90,10,11,,,yes
usa.txt,mod,USA_war_department,USA_war_department,USA_two_ocean_navy_act,90,10,17,,,yes
usa.txt,mod,USA_war_department,USA_war_department,USA_air_war_plans_division,70,10,9,,,yes
usa.txt,mod,USA_war_department,USA_war_department,USA_build_the_pentagon,4,2,2,,,yes
vichy_france.txt,mod,VIC_emergency_powers_to_petain,,VIC_emergency_powers_to_petain,240,10,24,0,6,4,no
vichy_france.txt,mod,VIC_emergency_powers_to_petain,VIC_emergency_powers_to_petain,VIC_the_national_revolution,120,10,12,,,yes
vichy_france.txt,mod,VIC_emergency_powers_to_petain,VIC_emergency_powers_to_petain,VIC_rebuild_the_military,70,10,7,,,yes
vichy_france.txt,mod,VIC_emergency_powers_to_petain,VIC_emergency_powers_to_petain,VIC_the_legionary_service_order,30,10,3,,,yes
vichy_france.txt,mod,VIC_emergency_powers_to_petain,VIC_emergency_powers_to_petain,VIC_the_national_bureau_of_statistics,10,10,1,,,no
yugoslavia.txt,mod,YUG_western_focus,,YUG_western_focus,405,10,44,0,11,27,no
yugoslavia.txt,mod,YUG_western_focus,YUG_western_focus,YUG_reinforce_old_alliances,390,10,42,,,yes
yugoslavia.txt,mod,YUG_western_focus,YUG_western_focus,YUG_friendship_treaty_with_italy,385,5,42,,,yes
yugoslavia.txt,mod,YUG_recognize_the_soviet_union,,YUG_recognize_the_soviet_union,140,10,17,0,8,6,no
yugoslavia.txt,mod,YUG_recognize_the_soviet_union,YUG_recognize_the_soviet_union,YUG_form_peasant_councils,120,10,15,,,yes
yugoslavia.txt,mod,YUG_recognize_the_soviet_union,YUG_recognize_the_soviet_union,YUG_mutual_economic_aid,120,10,15,,,yes
yugoslavia.txt,mod,YUG_industrialization_program,,YUG_industrialization_program,170,10,17,0,7,5,no
yugoslavia.txt,mod,YUG_industrialization_program,YUG_industrialization_program,YUG_expand_the_mining_industry,160,10,16,,,yes
yugoslavia.txt,mod,YUG_modernize_the_air_force,,YUG_modernize_the_air_force,120,10,12,0,4,4,no
yugoslavia.txt,mod,YUG_modernize_the_air_force,YUG_modernize_the_air_force,YUG_local_developers,70,10,7,,,yes
yugoslavia.txt,mod,YUG_modernize_the_air_force,YUG_modernize_the_air_force,YUG_purchase_foreign,40,10,4,,,yes
yugoslavia.txt,mod,YUG_army_modernization,,YUG_army_modernization,180,10,19,0,4,4,no
yugoslavia.txt,mod,YUG_army_modernization,YUG_army_modernization,YUG_motorize_the_cavalry,50,10,6,,,yes
yugoslavia.txt,mod,YUG_army_modernization,YUG_army_modernization,YUG_army_maneuvers,50,10,5,,,yes
yugoslavia.txt,mod,YUG_army_modernization,YUG_army_modernization,YUG_mountain_brigades,40,10,4,,,yes
yugoslavia.txt,mod,YUG_army_modernization,YUG_army_modernization,YUG_small_arms,30,10,3,,,yes
yugoslavia.txt,mod,YUG_expand_the_split_shipyards,,YUG_expand_the_split_shipyards,60,10,6,0,3,1,no
yugoslavia.txt,mod,YUG_expand_the_split_shipyards,YUG_expand_the_split_shipyards,YUG_contest_the_adriatic,50,10,5,,,yes
yugoslavia.txt,mod,YUG_expand_the_serbian_shipyards,,YUG_expand_the_serbian_shipyards,30,10,3,0,2,0,no
yugoslavia.txt,mod,YUG_expand_the_serbian_shipyards,YUG_expand_the_serbian_shipyards,YUG_coastal_defense,20,10,2,,,yes
